Rank	Team	Score
0	AlexKH	1.0
1	Riken Mehta	1.0
2	Gang of Three	1.0
3	vyujing	0.9997100000000001
4	JeffreyXiao	0.9995700000000001
5	zhxfl	0.9995700000000001
6	Andre lopes	0.9995700000000001
7	XuleiYang	0.9994299999999999
8	li bin	0.9994299999999999
9	meurich	0.99929
10	darekk	0.9991399999999999
11	wangmj	0.9991399999999999
12	JoshJung	0.9991399999999999
13	MitchSanders	0.9991399999999999
14	Juris Krikis	0.9991399999999999
15	taeguk	0.999
16	kirk	0.9988600000000001
17	JimZ	0.9988600000000001
18	GregoryHao	0.9988600000000001
19	Rakesh Ranjan	0.99857
20	ZhiyangChou	0.9984299999999999
21	Safta Catalin Mihai	0.9984299999999999
22	Ray_Cord	0.9984299999999999
23	xiao 2	0.9984299999999999
24	EhabAlbadawy	0.998
25	ThomasHall	0.998
26	qidongqi	0.9978600000000002
27	Rajatthakur	0.9978600000000002
28	ÄllaTarighati	0.9975700000000001
29	Eric van Riet Paap	0.9975700000000001
30	pbreithaupt	0.99743
31	jiangpanonly1	0.99743
32	randow	0.99729
33	upupup	0.99729
34	Aleksey Kharlamov	0.99729
35	wenliangtlh	0.9971399999999999
36	Wirt	0.9971399999999999
37	Chris Cross	0.9965700000000001
38	Nikolay Chervyakov	0.9965700000000001
39	YeqingLin	0.9964299999999999
40	tequiller	0.9964299999999999
41	xeyes	0.9961399999999999
42	PonSatangput	0.9961399999999999
43	Aldaron	0.9961399999999999
44	ManuelOdendahl	0.9958600000000001
45	Yessergire Mohamed	0.9957099999999999
46	Janos	0.9957099999999999
47	klimovs	0.9957099999999999
48	Russ Boucher	0.9955700000000001
49	Bart Elen	0.9955700000000001
50	chetan chauhan	0.9954299999999999
51	One	0.9954299999999999
52	ben robbins	0.9954299999999999
53	ØysteinSchønning-Johansen	0.99529
54	Georg	0.9951399999999999
55	Sergei Bernadtckii	0.9950000000000001
56	Aleksandr Voishchev	0.9950000000000001
57	ruleva1983	0.99471
58	Pavel	0.99471
59	Neurality_IT	0.99471
60	GeekFox	0.9945700000000001
61	HonggangHu	0.9944299999999999
62	pramodpatil	0.9944299999999999
63	jireh	0.9944299999999999
64	Michael Konobeev	0.9944299999999999
65	sohax	0.9944299999999999
66	韦峰	0.9941399999999999
67	Chao Xu	0.994
68	zhaoyiding	0.994
69	Reza Rasti	0.994
70	Zp Bappi	0.99386
71	Dat Do	0.99386
72	utsav	0.99371
73	blaskowitz100	0.9935700000000001
74	buhaozi	0.9935700000000001
75	ClausHolmgaard	0.9935700000000001
76	Eric James	0.9935700000000001
77	Kien Nguyen	0.9935700000000001
78	KermitJedi	0.9934299999999998
79	jason, min	0.9934299999999998
80	kalaabala	0.9934299999999998
81	Paul Calley	0.99329
82	Armin	0.99329
83	hwanji	0.99329
84	jeremie_db	0.99329
85	AdrianoMoala	0.993
86	Luca 2	0.993
87	Denis Vlasov	0.993
88	Araldo van de Kraats	0.993
89	BegueF	0.993
90	Steve 3	0.993
91	MikeThibodeaux	0.9928600000000001
92	Mike Dusenberry	0.9928600000000001
93	jeffd23	0.9928600000000001
94	Bruno16	0.99271
95	prakash R	0.99271
96	Alok Bhatt	0.99271
97	zeng liang	0.99271
98	IceBear	0.99271
99	Nikita Molostvov	0.9925700000000002
100	AndrewGreatorex	0.9925700000000002
101	Noah Cavendish	0.9924299999999999
102	misgod	0.9924299999999999
103	Laxmi Prajapat	0.9924299999999999
104	ingvar888	0.9924299999999999
105	sagar verma	0.9924299999999999
106	Michele Vitali	0.99229
107	devmeow	0.99229
108	forDream	0.99229
109	Fabien Tencé	0.99214
110	iComing	0.99214
111	Ehsan Saghapour	0.99214
112	MarcoCarnini	0.99214
113	rcgn	0.99214
114	Annihilator	0.99214
115	srinivas mudhiraj	0.99214
116	TanyaSattaya-aphitan	0.99214
117	Ozanize	0.99214
118	yk28	0.992
119	Maciej Nasinski	0.992
120	Allen Qin	0.9918600000000001
121	Melsonius	0.9918600000000001
122	LeoHsiunX	0.9918600000000001
123	chaoyij	0.9918600000000001
124	ДмитрийКиперов	0.9918600000000001
125	Tanqiu Liu	0.9918600000000001
126	Hugo Martiniano	0.9918600000000001
127	Neutron	0.9917100000000001
128	DudleyDrummond-Hay	0.9915700000000001
129	PerfectMachine	0.9915700000000001
130	Philippe L'Heureux	0.9914299999999999
131	Alexey 3	0.9914299999999999
132	akshaywalvekar	0.9914299999999999
133	carol003lee	0.99129
134	longchaoyang	0.99129
135	marcovaldo	0.99129
136	eberg	0.99129
137	RaphaelCampos	0.99129
138	wangyinan	0.99129
139	Ttkuma	0.99129
140	Omar Alexander Ruiz	0.99129
141	PerryCheng	0.99129
142	MathiasFelixGruber	0.99129
143	Kousei Wada	0.9911399999999999
144	IshanSodhi	0.9911399999999999
145	ishan12345	0.9911399999999999
146	rongmm	0.9911399999999999
147	PaulBain	0.9911399999999999
148	Xue Han	0.9911399999999999
149	star	0.9909999999999999
150	Nikita Verkhovin	0.9909999999999999
151	SayaliShirode	0.9909999999999999
152	SunnyCal	0.9909999999999999
153	pengchengluo	0.9909999999999999
154	minng	0.9908600000000001
155	Travis White	0.9908600000000001
156	matt1307079	0.9908600000000001
157	Han-Zhou Wu	0.9908600000000001
158	Jordan Webster	0.9908600000000001
159	Lorne0	0.9908600000000001
160	citouxyj	0.9908600000000001
161	Piotr Giedziun	0.9907100000000001
162	DzmitryKishylau	0.9907100000000001
163	clinkz 2	0.9907100000000001
164	DongwonShin	0.9905700000000001
165	SarthakYadav	0.9905700000000001
166	JackDS	0.9905700000000001
167	Jonc	0.9905700000000001
168	求是代写	0.9904299999999999
169	Gautam Singaraju	0.9902900000000001
170	IvanSosnovik	0.9902900000000001
171	jared colbert	0.9902900000000001
172	Denchik	0.9902900000000001
173	nickgu	0.9902900000000001
174	Damodar	0.9901399999999999
175	ZQ Mu	0.9901399999999999
176	AyushSharma	0.9901399999999999
177	YuRayLi	0.9901399999999999
178	Jingwei li	0.99
179	Fábio Nukui	0.99
180	Nitthilan Kannappan Jayakodi	0.99
181	Aleksandr Savochkin	0.99
182	이상희	0.99
183	eginardo	0.99
184	ShobhitBhatnagar	0.99
185	SoumithRaj	0.99
186	jay_from_pku	0.99
187	david chang	0.99
188	luyawen	0.9898600000000001
189	Vishwanath Sangale	0.9897100000000001
190	haoshuling	0.9895700000000001
191	Bobfan	0.9895700000000001
192	Moloiu Alexandra-Stefania	0.9895700000000001
193	aaaa 2	0.9895700000000001
194	Rafael Reis	0.9895700000000001
195	ChenjaminBen	0.9895700000000001
196	GustavoMA	0.9895700000000001
197	ADmitri	0.9894299999999999
198	cashew	0.98929
199	Paul Mongkud	0.98929
200	TaegyunJeon	0.98929
201	ZHU Henghui	0.98929
202	ZhengChen	0.98929
203	mapShuffleReduce	0.9891399999999999
204	Nestor D.	0.989
205	Ievgen	0.989
206	ziru	0.989
207	AIM94	0.989
208	slackoverflow	0.9888600000000001
209	AlbertBogdanowicz	0.9888600000000001
210	xws117	0.9888600000000001
211	Alex Mitrevski	0.98857
212	ML1011	0.98857
213	Taku.S	0.98857
214	BagOfWords	0.9884299999999999
215	DisplayName	0.98829
216	LeonardoBombonato	0.98829
217	ashukumar27	0.98829
218	GuillaumeLeroy	0.98829
219	JuanMaEL	0.98814
220	MichaelLanier	0.98814
221	VN_Lonely	0.98814
222	trojan00	0.988
223	YuzhouSong	0.9878600000000002
224	ruzx	0.9877100000000001
225	Christina	0.9877100000000001
226	MarZiYa	0.9875700000000001
227	David@THM	0.9875700000000001
228	ArindamDutta	0.9875700000000001
229	Charvi Agarwal	0.9875700000000001
230	Ajou University	0.9875700000000001
231	Insaf Ashrapov	0.9875700000000001
232	Welly Zhang	0.9875700000000001
233	brandon	0.9875700000000001
234	Siarhei Vasilyeu	0.9875700000000001
235	caiomsouza	0.9875700000000001
236	sourish	0.98729
237	AlanDiego	0.98729
238	Leon Chow	0.9871399999999999
239	m1nesweep3r	0.9871399999999999
240	mattiadg	0.9871399999999999
241	onhanik	0.987
242	Zhee	0.987
243	drcdh	0.987
244	XIMO	0.9868600000000001
245	Dong-heeNa	0.9868600000000001
246	EunminLee	0.9868600000000001
247	Oleg Dobkin	0.9867100000000001
248	SDCS_cxy 2	0.9867100000000001
249	Guillaume COTER	0.9867100000000001
250	Míriam Nieto	0.9865700000000001
251	Skystriker1284	0.9864299999999999
252	Jorge Del Val Santos	0.9864299999999999
253	milton	0.9864299999999999
254	Adit Deshpande	0.9862899999999999
255	H.K Jeong	0.98614
256	Illidan7	0.98614
257	STACers	0.98614
258	Kon	0.98614
259	xmfbit	0.986
260	Nils 2	0.9857100000000001
261	Winson Waisakurnia	0.9857100000000001
262	Matteo	0.9857100000000001
263	SANGGIHONG	0.9857100000000001
264	ShinichiroYasui	0.9855700000000001
265	mbertolino	0.9854299999999999
266	Amaury	0.98529
267	AzamatbekAkhmedov	0.98529
268	Jirapol Songvuti	0.98514
269	Shravan Shetty	0.98514
270	buckthoothsir	0.9850000000000001
271	David G	0.9850000000000001
272	kobex	0.9848600000000001
273	icecream4	0.9848600000000001
274	tyd2lx	0.9848600000000001
275	Jan Lehnhäuser	0.9848600000000001
276	Gerben	0.98471
277	Ander	0.98471
278	inferoscope	0.98471
279	Carlos H. Villa Pinto	0.9845700000000001
280	raulbryant	0.9845700000000001
281	pomoke	0.9845700000000001
282	mianzhanggan	0.9845700000000001
283	Nikita J. Kittenplan	0.98429
284	CrazyVegetable	0.98429
285	Ben KTByte	0.98414
286	B. Pu	0.98414
287	Aamir Goriawala, Kalyanee Chendke, Rohit Date	0.98414
288	Beltegeuse	0.98414
289	charvi agarwal 2	0.98414
290	Steffen neuralgamebot.com	0.98414
291	oppsitre	0.98414
292	ТимофейЛепешонков	0.984
293	Anshulvyas	0.984
294	pqhuy98	0.98386
295	mirra	0.9837100000000001
296	SJLee	0.9837100000000001
297	Ploy Temiyasathit	0.9837100000000001
298	KitipongSirirueangsakul	0.9837100000000001
299	KolegaSuper	0.9837100000000001
300	AlexeyKozhevin	0.98314
301	AshishSekhri	0.983
302	ChadBoschert	0.983
303	DFridman	0.983
304	ganfoubudalian	0.983
305	rayment	0.9828600000000001
306	zshiki	0.9827100000000001
307	Wely Sabalilag	0.9825700000000002
308	Melv Ng	0.9825700000000002
309	Ashutosh Sanan	0.9825700000000002
310	Clinton Olson	0.9824299999999999
311	zxhy	0.9824299999999999
312	YuhaiWang	0.9824299999999999
313	Jimmy Xiang	0.9824299999999999
314	T. Niyomkarn	0.9824299999999999
315	mmatteo	0.9824299999999999
316	ChaoJi	0.9824299999999999
317	GomathyShankar	0.9824299999999999
318	nothing	0.9824299999999999
319	QuanaoGao	0.9824299999999999
320	danaugrs	0.9824299999999999
321	Kalyani Zope	0.9824299999999999
322	MingFeiLiang	0.9824299999999999
323	Mayank Kumar 2	0.98229
324	on the way	0.98229
325	Yuichi	0.98229
326	Chengwei Huang	0.98229
327	enjoYB	0.98229
328	Gavin 2	0.98229
329	Peter 6	0.98229
330	RahulChawla	0.98229
331	kaihua	0.98229
332	GuodongShen	0.98229
333	Lovekesh Garg	0.98229
334	phils 2	0.98229
335	haoxigua	0.98229
336	churandy	0.98214
337	TedRand	0.98214
338	zhuangxu	0.98214
339	Jimmy	0.982
340	PeSsenger	0.982
341	Yingge WAN	0.982
342	SidN	0.982
343	tttamaki	0.9818600000000001
344	alessio	0.9818600000000001
345	NguyễnDuy	0.9817100000000001
346	Nico 3	0.9814299999999999
347	Veena K	0.98129
348	Gary Hess	0.98129
349	Justin Luther	0.9808600000000001
350	Etherqua	0.9807100000000001
351	CarolineWang	0.9807100000000001
352	YauPH	0.9807100000000001
353	chu_cs_nmsu	0.9807100000000001
354	ИльяШапилов	0.98057
355	YuantsenWang	0.98057
356	YuxiangZhang 3	0.9804299999999999
357	jaadler	0.9804299999999999
358	Ben Mescher	0.9802900000000001
359	Oleksandr Buzynniy	0.98014
360	MarkLewis_mipt_dmia	0.98
361	Carol_Lee	0.9798600000000001
362	atitan	0.97957
363	Tu Thai	0.97957
364	Nikita Vasilev	0.97957
365	Phillip Kravtsov	0.97929
366	Alexander Anokhin	0.97914
367	vfcosta	0.979
368	Plastic_Monkey	0.979
369	Aleksandr Gorovoi	0.9788600000000001
370	WaiMunLek	0.9788600000000001
371	weiyus	0.9788600000000001
372	Chathurika	0.9788600000000001
373	SC	0.9788600000000001
374	YuanDong	0.9787100000000002
375	YanchaoXu	0.9787100000000002
376	miguelmalvarez	0.9787100000000002
377	JeroenS	0.9787100000000002
378	gozky	0.9785699999999999
379	KuribohG	0.9784299999999999
380	Gim_7	0.97829
381	FrancescoCucari	0.97829
382	Yeonsu	0.97829
383	LATTE	0.97814
384	MKesselaers .	0.97814
385	VitaliiGolovachov	0.97814
386	yifan_xu	0.978
387	purple	0.978
388	awe	0.978
389	EktaGujral	0.978
390	Lucas V. Oliveira	0.978
391	PonPerter	0.978
392	lilili	0.978
393	Aurelien_B	0.978
394	Dagoth	0.9778600000000002
395	Tsvetkov Igor	0.9778600000000002
396	LukeRoberto	0.9777100000000001
397	blue_choc	0.97743
398	RohanRaj	0.97729
399	Jiddu Alexander	0.9771399999999999
400	Seung-HwanLim	0.9771399999999999
401	Netero	0.977
402	AoLi	0.977
403	Kloser Cheung	0.9768600000000001
404	JeroenNL	0.9768600000000001
405	RobertAnderson	0.9768600000000001
406	carol001lee	0.9767100000000001
407	MyKaggle	0.97657
408	carol009lee	0.97657
409	Mario	0.9762899999999999
410	n_ken	0.9762899999999999
411	Eugene 3	0.97614
412	Shahrukhkhan	0.976
413	Loup-SinhRouan	0.976
414	JesseL	0.976
415	Vape Naysh	0.9758600000000001
416	VadimSychev	0.9758600000000001
417	ISaber	0.9758600000000001
418	ben xu	0.97557
419	FengyaoZHOU	0.97557
420	mikr	0.9754299999999999
421	ReiiNakano	0.9754299999999999
422	AmberMcKenzie	0.9754299999999999
423	Tachibana Kanade	0.9754299999999999
424	HaDonghee	0.97514
425	Stone 2	0.9750000000000001
426	forin.xyz	0.9748600000000001
427	Pavel Perestoronin	0.9748600000000001
428	Naveen 2	0.9748600000000001
429	sunny0o0	0.9748600000000001
430	NaokiMATSUZAKI	0.9748600000000001
431	IgorRinkovec	0.9748600000000001
432	josdorpjossie	0.9748600000000001
433	FlaviuToader	0.9744299999999999
434	Kirill Panarin	0.97429
435	DennisSchönhof	0.97414
436	byrony	0.974
437	carol007lee	0.974
438	zheng	0.97386
439	Nico Kist	0.9737100000000001
440	ChetanGupta	0.97357
441	tsinghao	0.97357
442	Neil 3	0.9734299999999998
443	Niko	0.97329
444	Tony & Yiwei	0.97329
445	Bitrusher	0.97329
446	lilith qi	0.97329
447	Beginner	0.97314
448	smithfleet	0.973
449	wangqihui	0.9728600000000001
450	SalvadorDali	0.9728600000000001
451	seriont	0.9728600000000001
452	fairy	0.9728600000000001
453	Marina	0.9727100000000001
454	gr8R	0.9725700000000002
455	Christiaan Swanepoel	0.97229
456	Reneboy P. Aguinaldo	0.97229
457	Joshua Rose	0.97229
458	Tracholar Zuo	0.97214
459	Eoin	0.97214
460	Navin Chandan	0.97214
461	RohitJain	0.97214
462	mihobu	0.97214
463	PerrineMartin	0.97214
464	Manoj Joshi	0.97214
465	r3dmao	0.97214
466	vardhinikundale	0.97214
467	Lucas 2	0.97214
468	Mike Staddon	0.972
469	Michał Stolarczyk	0.972
470	MinghaoWu	0.972
471	Sandra	0.972
472	Ravi Teja Gutta	0.972
473	Ekaterina	0.972
474	lininglouis	0.972
475	Jian Liu	0.972
476	antareada	0.9718600000000001
477	gzgzgz	0.9718600000000001
478	haki	0.9718600000000001
479	Alexander Vovchenko	0.9717100000000001
480	ViníciusGuimarãesGoecks	0.9717100000000001
481	VasudevSingh	0.97157
482	Nick Denaro	0.97157
483	sxie	0.9714299999999999
484	GauthamKumaran	0.9714299999999999
485	caiyi	0.97129
486	Tom Dörr	0.97129
487	AlexanderNikolaev	0.97129
488	TanguyBretagne	0.9711400000000001
489	Prasad Godbole.	0.9711400000000001
490	yangkang	0.9711400000000001
491	VictorShen	0.9711400000000001
492	SnShines	0.9711400000000001
493	Daia Alexandru	0.9711400000000001
494	BoGao	0.9711400000000001
495	rivasj	0.9711400000000001
496	PnnBrc	0.9709999999999999
497	JohnCheng	0.9708600000000001
498	DánielNagy	0.9708600000000001
499	Juggy	0.97057
500	Junzi	0.9704299999999999
501	Nirmal Thumbar	0.9704299999999999
502	Suresh Konapalli	0.9704299999999999
503	kengow	0.9704299999999999
504	mindful	0.9702900000000001
505	XingJun	0.9702900000000001
506	CelsoF.AraujoF.	0.9702900000000001
507	FlorentPezet	0.97014
508	Ravindra Kumar Yadav	0.97014
509	rahenri	0.97014
510	fishface	0.97
511	程小真	0.9697100000000001
512	JonathanLou	0.9697100000000001
513	Orlando	0.9697100000000001
514	suosssss	0.96957
515	Nick Malotin	0.9694299999999999
516	straw_man	0.9694299999999999
517	carol04lee	0.9694299999999999
518	hira	0.9694299999999999
519	akm	0.9694299999999999
520	sid.xiong	0.96929
521	pickou	0.96929
522	Dreamcatcher	0.96929
523	UjjwalPeshin	0.96914
524	DaniloVunjak	0.96914
525	Thomas Doyle	0.969
526	Aris Fergadis	0.969
527	ChuizhengMeng	0.969
528	xingxinghanzi	0.96886
529	Haoyue Zhan	0.96886
530	carol008lee	0.9687100000000002
531	Daniel Vacca	0.9685699999999999
532	jack_Gan	0.9685699999999999
533	Ambimanus	0.9685699999999999
534	o_juli_o	0.9685699999999999
535	julien_goo	0.9685699999999999
536	zhenbin	0.9685699999999999
537	Sergiy	0.9685699999999999
538	dzkang2011	0.9685699999999999
539	wj251013	0.9685699999999999
540	Rhostam	0.9685699999999999
541	Krybaby_7_9	0.9685699999999999
542	Yong Sheng Heng	0.9684299999999999
543	GowTham	0.96829
544	Vishwadeep Gautam	0.96829
545	loveqingbao	0.96814
546	andheroe	0.96814
547	Edans Sandes	0.96814
548	AibekKuralbayev	0.96814
549	atamby1	0.968
550	n00b123	0.968
551	GiovanniAttinadonascimento	0.968
552	zhangjunphy	0.968
553	sel3aa	0.968
554	Elsa	0.968
555	Francesco 3	0.968
556	Pierre Aumjaud	0.968
557	SagarGhai	0.968
558	miditower	0.968
559	RavI Ponmalai	0.968
560	LaLaLaDemarcia	0.968
561	aaronhcj	0.968
562	Chris Swierczewski	0.968
563	Yuna.qiu	0.968
564	Daoxun	0.968
565	chuanqi129	0.968
566	JohnCache	0.968
567	FengWei	0.968
568	João Duro	0.968
569	ZuLu	0.968
570	ZdJiang	0.968
571	Ying Wang	0.968
572	FabAnalytics	0.9678600000000002
573	AbhijeetChauhan	0.9678600000000002
574	NikT	0.9678600000000002
575	Isaac 2	0.9678600000000002
576	Codingfun	0.9677100000000001
577	JaneSom	0.9677100000000001
578	y110057	0.9677100000000001
579	Madhav	0.9677100000000001
580	GGXH	0.9677100000000001
581	Team Unicorns	0.9677100000000001
582	ZHOUJUNJUN	0.9677100000000001
583	Hackers	0.96757
584	InomMirzaev	0.96757
585	InomMirzaev 2	0.96757
586	Salami91280	0.96757
587	jasonjang	0.96757
588	AndreaRufini	0.96757
589	Fred Smith	0.96757
590	Priya Gupta	0.96757
591	Ravi20	0.96743
592	Sonali Chawla	0.96743
593	xiangyangkan	0.96743
594	newCode	0.96743
595	raviteja 2	0.96743
596	Chandrasekhar	0.96729
597	disnop	0.96729
598	Sivapriya Kaza	0.96729
599	XinyuZhou	0.9671399999999999
600	waskita adijarto	0.9671399999999999
601	Erman Sefer	0.9671399999999999
602	Landry Ghislandry	0.9671399999999999
603	MingJie	0.967
604	LewieL	0.967
605	mooncake	0.967
606	Yuichi Iwanami	0.967
607	XinzuoWang	0.96686
608	Amirpasha	0.96686
609	BjørnTheisen	0.96686
610	Vinay K	0.96686
611	jasonfreak	0.9667100000000001
612	sol geb	0.9667100000000001
613	thomas-d	0.9667100000000001
614	ann_hp	0.96657
615	Akshita	0.96657
616	fzhurd	0.96657
617	AbdurRahman	0.96657
618	Ratul Ghosh	0.96657
619	DevanshGohil	0.96657
620	PetrŠvec	0.96657
621	RikuArakawa	0.9664299999999999
622	ilopezfr	0.9664299999999999
623	SubodhMalgonde	0.9664299999999999
624	kingofspace	0.9662899999999999
625	boojinks	0.9662899999999999
626	sysubeing	0.9662899999999999
627	crwang	0.96614
628	PablodeAzevedo	0.96614
629	Foobar	0.96614
630	longcd	0.966
631	prateek6991	0.966
632	illusiveman	0.966
633	Gregory LEGOFF	0.966
634	douuubt	0.966
635	alcanta	0.966
636	Kent Johnson	0.96586
637	YangHangFeng	0.96586
638	Lola S Gardner	0.96586
639	vitaminsd	0.96586
640	Larkin	0.9657100000000001
641	Webhunter	0.9657100000000001
642	nplay	0.9657100000000001
643	Lucie	0.9657100000000001
644	AndreaBattistello	0.9657100000000001
645	PatrickDalton	0.9657100000000001
646	sirius 2	0.9657100000000001
647	gpapadop79	0.96557
648	abhay kumar	0.96557
649	TejaYagni	0.96557
650	Goku	0.96557
651	BananuhBeatDown	0.96557
652	Enrique Garcia Lopez	0.96557
653	LauMandal	0.96557
654	edrush81	0.96557
655	Xingjian	0.96557
656	anhcuong	0.96557
657	fengyunflya	0.96557
658	Nick Styles	0.96557
659	Trevbrunnen	0.96557
660	Anupam 2	0.9654299999999999
661	Vaishnavi	0.9654299999999999
662	OldBlueJack	0.9654299999999999
663	ashoka	0.96529
664	Artem Kupriyanov	0.96529
665	arccosmos	0.96529
666	giim	0.96514
667	Andrey Tatarinov	0.96514
668	QINGYI	0.96514
669	leonhart	0.96514
670	Tapan	0.96514
671	vova_K	0.96514
672	ColinLee	0.96514
673	KouHonda	0.96514
674	Tuan Nguyen	0.9650000000000001
675	tobe	0.9650000000000001
676	Karthik Gotham	0.9650000000000001
677	Ajit Barik	0.9650000000000001
678	Sergei B.	0.9650000000000001
679	Satya 2	0.9650000000000001
680	BazylReinstein	0.9650000000000001
681	MHardin	0.9650000000000001
682	Damian Arntzen	0.96486
683	GregorySmith	0.96486
684	clinkz	0.96486
685	Charily	0.96486
686	mattlewissf	0.96486
687	Sneha Agarwal	0.96486
688	arthur lauga	0.96471
689	RajatKumar	0.96471
690	HARISH KHOLLAM	0.96471
691	YifanXie	0.96471
692	Bricoleur	0.96457
693	Sanoop	0.96457
694	larry1994	0.96457
695	zhengge	0.9644299999999999
696	AtlasYu	0.9644299999999999
697	ninglu	0.9644299999999999
698	JerryLee	0.9644299999999999
699	CoMartel	0.96429
700	pratikdevikar	0.96429
701	Arnab	0.96429
702	AndreyBozhko	0.96429
703	Magicyu	0.96429
704	MixFlow	0.96429
705	JP11	0.96414
706	Marc Taboga	0.96414
707	carol002lee	0.96414
708	FernandoHidalgo	0.96414
709	wushengjin	0.964
710	dragon 2	0.964
711	JiaDe	0.964
712	ustcer 2	0.964
713	BoZheng	0.964
714	shenshanmiaoke	0.964
715	guolz	0.964
716	zhanghaijian	0.964
717	Nikolay Ryabykh	0.964
718	zyl123	0.964
719	hugo 3	0.964
720	古怪地区	0.964
721	gaobinlong	0.964
722	Long Yang	0.964
723	Michael Davis	0.9638599999999999
724	Deff_Jean	0.9638599999999999
725	Nann	0.9638599999999999
726	Sanders Lin	0.9638599999999999
727	weilianghe	0.9637100000000001
728	TJ Gilbrough	0.9637100000000001
729	Redroy44	0.96357
730	Damian Sour	0.96357
731	LamIvan	0.9634299999999998
732	PraveenKrishnan	0.9634299999999998
733	mathdoc19	0.9634299999999998
734	cforester	0.9634299999999998
735	ross_geller	0.9634299999999998
736	Yang Yan	0.96329
737	VaibhavChauhan	0.96286
738	MuhammadKhattab	0.96286
739	Vladislav Vorotilov	0.96286
740	Mikasa	0.9627100000000001
741	GyuriIm	0.9627100000000001
742	Elias	0.9627100000000001
743	Christopher Whidden	0.9627100000000001
744	Fdemir	0.96214
745	merghaney mohammed	0.962
746	lucasn	0.962
747	zhanghk	0.96186
748	Frezki	0.96186
749	izktmys	0.9617100000000001
750	Tim Hsu	0.9617100000000001
751	TheKannanator	0.96157
752	seirge	0.9614299999999999
753	TeensJ	0.9614299999999999
754	Ilya Siganov	0.9614299999999999
755	Peter Pinto	0.9611400000000001
756	Akshay Gupta	0.9611400000000001
757	NiteshVijay	0.9611400000000001
758	LeLinhNguyen	0.9611400000000001
759	prAkramika	0.9609999999999999
760	happycat	0.96086
761	IssaTingzon	0.96086
762	Amrith	0.9607100000000001
763	fly_er	0.9607100000000001
764	Andrey 3	0.9604299999999999
765	DebabrataPati	0.96014
766	nippleshredder	0.95986
767	valkyrija	0.95986
768	zhengaohong	0.9597100000000001
769	Alexandr Igumnov	0.9597100000000001
770	Aurelien	0.9597100000000001
771	Bhargav	0.95929
772	zzzhu	0.95914
773	Jiteshshah	0.959
774	Compound	0.95886
775	Scott Marcus	0.95886
776	Zhu XueLin	0.95886
777	Tethysis	0.9587100000000002
778	UdaysaiKollipara	0.95829
779	Alexandra Teste	0.95814
780	Hotei	0.958
781	Nobuyuki Kawagashira	0.958
782	ShahilAhamed	0.9577100000000001
783	広瀬将行	0.95743
784	Jeff 2	0.95743
785	Mark Diamond	0.95743
786	Tanner Dye	0.95729
787	VaibhavOjha	0.957
788	Swaty	0.95686
789	Francesco Laurita	0.9567100000000001
790	Mohana Sai	0.9567100000000001
791	Shubham Bhargav	0.95657
792	BibhashChandraMItra	0.9562899999999999
793	Jon Marlow	0.95614
794	Liuzhou Zhuo	0.95586
795	wty0617	0.9557100000000001
796	Илья Белкин	0.95529
797	Yuliya	0.95529
798	YiXie	0.95529
799	Shamtactics	0.95514
800	cvliaw	0.9550000000000001
801	tianws	0.95486
802	Thatchaphon Kaeosuriya	0.95457
803	Yu-Hsuan Wang	0.95457
804	pdabraham	0.9544299999999999
805	Daniel Blackburn	0.9544299999999999
806	tuckerdarby	0.95414
807	Youssef Erahim	0.95414
808	KarlSigfrid	0.954
809	opticalcloaking	0.9538599999999999
810	Himanshu Gupta	0.95357
811	IceFire	0.9534299999999998
812	TaiBridge	0.9534299999999998
813	wg1222	0.9534299999999998
814	Louie Tsai	0.95329
815	Satya	0.9527100000000001
816	James Dale	0.9527100000000001
817	WilliamDong	0.9524299999999999
818	Mathemilda	0.9524299999999999
819	ashishkarel	0.95229
820	AndrewMa	0.9517100000000001
821	Canniclac	0.95157
822	LinkanRay	0.95129
823	Fredeivy	0.95086
824	naswang	0.95071
825	junyu	0.95071
826	Pedro Marcelino	0.9502900000000001
827	shaurya	0.95014
828	iceberg	0.95
829	cshaoping	0.95
830	BrunoDeNadaiSarnaglia	0.94986
831	bin liu	0.94986
832	Alvaro João	0.94971
833	ShrinivaassNakkaa	0.94957
834	Meihuaa	0.9494299999999999
835	pk2data	0.94914
836	Human Analog	0.9485699999999999
837	Display Name 2	0.94814
838	Alexander Serrano	0.94771
839	Ngiong	0.94729
840	Karma Tarap	0.9471399999999999
841	malongkun	0.9471399999999999
842	Igor Prusov	0.94686
843	Abhishek Sharma 2	0.94557
844	BuGoNee	0.9454299999999999
845	CyrilSebastian	0.94529
846	yzheng68	0.94529
847	AnthonyOrlando	0.94529
848	Manish Barnwal	0.94514
849	liveleker	0.94514
850	Carlos Ronchi	0.9450000000000001
851	Petepariyakorn	0.9447099999999999
852	BenedekFábián	0.9447099999999999
853	tecperson	0.9447099999999999
854	UTKARSHBAJPAI	0.9444299999999999
855	katiter	0.9444299999999999
856	KevinChiao	0.94414
857	dkar111	0.944
858	VictorMiguelChuraQuispe	0.9434299999999998
859	hoingk	0.943
860	RetoWyss	0.943
861	OpalThongpetch	0.94286
862	SkyWa1ker	0.94271
863	renze	0.94271
864	DavidBaerg	0.94271
865	jimmyjin	0.94271
866	Ganesh Shankar	0.9425700000000001
867	Ben Awad	0.9425700000000001
868	SaikatDutta	0.9424299999999999
869	Maidenhead4	0.94229
870	ShashwatVerma	0.94229
871	sunny shah	0.94229
872	hylosy	0.942
873	BellumShaw	0.942
874	Mizzy	0.94186
875	samli6479	0.94171
876	MaximeFuccellaro	0.9414299999999999
877	Diorge Brognara	0.94129
878	Tran Son Hai	0.9409999999999998
879	Chung Ning	0.94086
880	SushovanChakraborty	0.9405700000000001
881	ABA!	0.9405700000000001
882	NaotoShibata	0.9404299999999999
883	Jianfeng WEN	0.9404299999999999
884	rodge	0.9404299999999999
885	RohitGambo	0.94014
886	RaymonMina	0.94
887	はまばん	0.939
888	ФилиппБочаров	0.939
889	sappyprg	0.939
890	Shuo Feng	0.939
891	mimilucky123	0.939
892	osuarez	0.9387100000000002
893	trgosselin14	0.9387100000000002
894	BhagyeshVikani	0.9385700000000001
895	CongDao	0.93814
896	nbaker	0.93814
897	waterbear	0.9365700000000001
898	redmaster	0.9362899999999998
899	yangminghan	0.9362899999999998
900	ejansa	0.93614
901	Daniel Huckins	0.936
902	CaiziLee	0.93586
903	_LT_zyc	0.93571
904	cielan	0.93514
905	AMIT GOSWAMI	0.93514
906	Bartold	0.93514
907	ShihaoZhang	0.93514
908	zhang 3	0.93514
909	chan	0.93514
910	potpath	0.93514
911	Guoliang Wang	0.93514
912	LengrabGrabowskii	0.93514
913	GiriBhushan	0.93514
914	R G V	0.93514
915	kangaeyo	0.93514
916	frankabc	0.93514
917	Ryan Schrader	0.93514
918	AnveshMuttavarapu	0.93514
919	Greg 2	0.9345700000000001
920	Jan-Philipp Kolb	0.93429
921	Deepin	0.93429
922	Anna Vodopyanova	0.93343
923	h4pZ	0.93286
924	ArunKumar	0.93271
925	GregMurkett	0.93229
926	hlhuang	0.93229
927	Mr Cool	0.932
928	Raul Sena Ferreira	0.93186
929	Sunrisetofu	0.93143
930	Howard Chen	0.931
931	HuzaifaFaruqui	0.93071
932	Nilo	0.93043
933	ikseon	0.92986
934	MichaelAnderson	0.9278600000000001
935	mathew paul	0.92743
936	John.Ken	0.9225700000000001
937	Matthieu Toulemont	0.9225700000000001
938	Dylanmr	0.9212899999999999
939	YiQi	0.9211400000000001
940	option12	0.92086
941	Rafael Fantini da Costa	0.9199999999999999
942	DarrinThomas	0.9185700000000001
943	Shura_nyan	0.91757
944	wenwen	0.91614
945	kireeti 2	0.91614
946	ChrisYao	0.91314
947	Alexandre Duhamel	0.9115700000000002
948	stevemc7	0.9112899999999999
949	LinGao	0.911
950	wolala	0.91043
951	Wdyer	0.91029
952	DosapatiKarthik	0.9099999999999999
953	SvetlanaBesaeva	0.90986
954	SrinivasaMurthyDamarla	0.9092899999999999
955	florian 2	0.909
956	AnaelBerrouet	0.9087100000000001
957	njllcc	0.9087100000000001
958	utobe67	0.9085700000000001
959	JoeKing	0.90743
960	shyamprasadreddy	0.9072899999999999
961	wangzs	0.9062899999999998
962	AnthonyChiu	0.9041399999999999
963	Turpin	0.9032899999999999
964	Hanah	0.90114
965	Vincent QB	0.90086
966	PatrikTrelsmo	0.8995700000000001
967	ShravanKumar	0.89943
968	michaelhoffmann	0.89843
969	Kevin4868	0.897
970	AleksandrDruzhinin	0.896
971	Raj Kumar	0.8952899999999999
972	CameronNguyen	0.8932899999999999
973	LatschesarAtanassov	0.8932899999999999
974	d_nishiyama85	0.89271
975	karfly	0.89171
976	YuZhou	0.89029
977	Ivan Medyansky	0.88886
978	GentRich	0.88571
979	einstalek	0.8842899999999999
980	MeetThakkar	0.8842899999999999
981	wttc	0.8824299999999998
982	MilanBala	0.8821399999999999
983	vincent 3	0.8818600000000001
984	Стасюк Тарас (ШАД)	0.8808600000000001
985	Yongyuan Deng	0.8805700000000001
986	ballon	0.8794299999999999
987	YiGuo	0.87729
988	SwapnilBorse	0.8758600000000001
989	sirinthra.cc	0.8748600000000001
990	Oui.P	0.8745700000000001
991	herrerik	0.8721399999999999
992	FredR	0.87129
993	iau-tnb-ai	0.8688600000000001
994	Vandit Jain	0.8681399999999999
995	Kira Huselius Gylling	0.862
996	frosty	0.86129
997	sokoun	0.8599999999999999
998	Samirah	0.8594299999999999
999	Janis Rumnieks	0.859
1000	data2life	0.85829
1001	zizhazhu	0.85629
1002	guillaumeD	0.8547100000000001
1003	haliou	0.8538600000000001
1004	AnubhavAgarwal	0.85314
1005	xiaoxiao	0.8427100000000001
1006	Praveen	0.8424299999999998
1007	Peter 5	0.8361399999999999
1008	Pulikodan	0.836
1009	LostPhoenix	0.8352899999999999
1010	rimmyjain	0.8314299999999999
1011	ryuchihoon	0.83114
1012	МөнхбаатарЭнхбаатар	0.816
1013	MarvelousMangos	0.8061399999999999
1014	articulate	0.8061399999999999
1015	scripta	0.8061399999999999
1016	nregner	0.7932899999999999
1017	UgmeshSirvi	0.785
1018	Rohit Narain	0.75857
1019	sayseikohan	0.75671
1020	Cody Dean	0.7430000000000001
1021	fgrzeszc	0.736
1022	craigmk	0.69757
1023	whitecastle	0.67
1024	uomcse_efinix	0.6558600000000001
1025	МихаилМаксимов	0.6392899999999999
1026	JamesHahn	0.55343
1027	Antonio 2	0.54357
1028	SanjayYadav	0.45543
1029	bloodynacho	0.41086000000000006
1030	Sylvain	0.35
1031	DanAlexandru	0.30943000000000004
1032	Matthew Mok	0.30157
1033	lopolko	0.261
1034	Megan Yin	0.11614000000000001
1035	Narendra Prasad Karumanchi	0.11614000000000001
1036	ranggaugahari	0.11157
1037	Narendra Prasad K	0.10214
1038	shaohuacheng	0.10013999999999998
1039	MontiChandra	0.10013999999999998
1040	mistakk	0.10013999999999998
1041	GayathryDasika	0.10013999999999998
1042	nubilum	0.10013999999999998
1043	紅毛紅毛	0.10013999999999998
1044	Vayne-Lover	0.10013999999999998
1045	hsrkrishna	0.09829000000000002
1046	ArvindShukla	0.09757
1047	hoshi524	0.09742999999999999
1048	Achraf BENLEMKADDEM	0.07457000000000001
