Rank	Team	Percentile_Score	IITD_Students
0	MY	0.998140759339289	No
1	Ook Kim	0.99734635417092	No
2	linbo_iacas	0.9972296826792251	No
3	XuleiYang	0.9961591650680351	No
4	RezaMarvastiNejad	0.9953647598996661	No
5	DongGe	0.9945703547312973	No
6	Bogdan Melnik	0.9937759495629284	No
7	__SP	0.9921871392261906	No
8	Peterj	0.9883822719816274	No
9	zhaoyiding	0.9868634454993322	No
10	li bin	0.9860690403309635	No
11	coder-james	0.9848075517658719	No
12	kirk	0.98350074640104	No
13	pEman	0.9825441999694837	No
14	AdrianoMoala	0.9812186088402897	No
15	Omeprazole	0.978573912772857	No
16	PrasetyaUtama	0.9772542748802615	No
17	Ray_Cord	0.9751280578513588	No
18	krag!	0.9704394464024518	Yes
19	EhMadan	0.9696450412340829	Yes
20	ÄllaTarighati	0.9674665891962124	No
21	Yuxin Wu	0.9658771626521618	No
22	D_L	0.965082757483793	No
23	nolsigan	0.963566420903322	No
24	Patrick Fichou	0.9598589675399046	No
25	jireh	0.9569643908313089	No
26	Sergei Bernadtckii	0.9559140075875417	No
27	Luca 2	0.9553709859461385	No
28	GabrielVictorinoCardoso	0.9545765807777695	No
29	Abhai Kollara	0.9537821756094006	No
30	wwwwww	0.9525821681717418	No
31	LASSONO	0.950999126127264	No
32	LeoHsiunX	0.9482793832350308	No
33	Team GG	0.9474849780666618	Yes
34	AndrewGreatorex	0.9425142059705641	No
35	clinkz 2	0.9423757553515926	No
36	ØysteinSchønning-Johansen	0.9423338929257626	No
37	Justfor	0.9409910757881734	No
38	Armin	0.9398784572057766	No
39	Osvaldo Pugliese	0.939203600246221	No
40	Brad Trew	0.9360229490147854	No
41	Kevin4868	0.9345060445364456	No
42	Steve 3	0.9310652647619826	No
43	Radhakrishnan Guhan	0.9302708595936137	No
44	AmanBhatia	0.9294764544252447	No
45	firsec	0.9286820492568759	No
46	Benjamin Derville	0.9260180029264995	No
47	Bruno16	0.9245073640972202	No
48	MikeAir	0.9235765307929948	No
49	Su Tang	0.9227821256246258	No
50	heisenberg 3	0.9219877204562571	Yes
51	William 2	0.920285760193868	No
52	歪哥突然	0.9198717362305635	No
53	ssemenyuk	0.9190773310621948	No
54	SAASTN	0.9165823027257726	No
55	Chetan Madhok	0.9139214388234514	No
56	Florian PAQUET	0.9118045524427916	No
57	Lucas 2	0.9110101472744226	No
58	lystdo	0.9102639746080241	No
59	Carlos H. Villa Pinto	0.9102157421060539	No
60	pingjunlv	0.9096391284429566	No
61	muchas_gracias	0.9091700005501174	No
62	Fabien Tencé	0.9054731337088677	No
63	JaviWaitzel	0.9053085184362083	No
64	borogove	0.9052322953115122	No
65	Nikita Molostvov	0.9035751806204012	No
66	B.C.	0.9034800714219134	No
67	AlekseyParamonov	0.8982666804737436	No
68	See--	0.8977364286425757	No
69	skilleX	0.8943240791073472	No
70	muye5	0.8938194239178017	No
71	Daia Alexandru	0.8930250187494327	No
72	littletree	0.8928274224273377	No
73	KULDEEP SHARMA	0.8925128753286636	No
74	Infernus	0.8922306135810637	No
75	tmulc18	0.8921565156676419	No
76	superizer	0.8914362084126949	No
77	ThomasHall	0.8910994332522403	No
78	ShivaSitaraman	0.8894421730561519	No
79	ABE_	0.8868080845542697	No
80	AndreyBozhko	0.8860136793859009	No
81	JohnCrickett	0.881594161994031	No
82	ingvar888	0.8810492759803277	No
83	Focsic@BE	0.8810430774525377	No
84	xingxinghanzi	0.8803481221173851	No
85	weiyus	0.8801128868258566	No
86	Kshitiz Sharma	0.8793184816574877	No
87	BlueWhale	0.8774683021709027	No
88	Damien 2	0.8767870147067293	No
89	tequiller	0.8758368605817374	No
90	Masato  Takahashi	0.8751481343864063	No
91	Harish Reddy	0.8743537292180372	No
92	axon	0.8741641868980199	No
93	神秘人	0.8735593240496684	No
94	Christian Salvatore	0.8727649188812995	No
95	Yesterdays	0.8719705137129307	No
96	Zachary Ruzhinov	0.8718579437713324	No
97	Patrick Carson	0.8672751765548068	No
98	toshi_k	0.8666654059458193	No
99	ZhenyiLin	0.8664807713864379	No
100	iory	0.8656863662180689	No
101	abhishekkumar 2	0.8648919610497001	No
102	SidN	0.863174398890382	No
103	august	0.8618234624607011	No
104	xinghedyc	0.861533797037072	No
105	YuRayLi	0.8611213049776119	No
106	Alexandru Papiu	0.8610290572923321	No
107	Hackslash	0.8609136323361535	Yes
108	Yuichi Iwanami	0.8602346521239633	No
109	AndreasNilsson	0.8548138066160816	No
110	Mokii	0.8487976790853556	No
111	T123	0.8480032739169867	No
112	Tenshi Kanade	0.847208868748618	No
113	daryadedik	0.8459696503281955	No
114	artemZholus	0.8445001392881601	No
115	abhiram singh	0.8434979455151622	No
116	by_yzp	0.8422552377867409	No
117	Björn Lunt	0.841460832618372	No
118	Dmytro Tkanov	0.8406664274500033	No
119	freed err	0.8344697423804349	No
120	SauKr	0.8331217806510686	Yes
121	Damodar	0.8320837719091826	No
122	SeshuKumar	0.8301643041805089	No
123	AyushSharma	0.8293698990121401	No
124	civic_Z.Y.Z	0.8292022690678472	No
125	hal9zillion	0.828575493843771	No
126	Ryan Goy	0.8277810886754022	No
127	sxie	0.8248131805416336	No
128	Chris Swierczewski	0.8240187753732647	No
129	simplebest	0.8208992850282036	No
130	MartinHoráček	0.8207048849831025	No
131	Vladimir Osin	0.8198194360858967	No
132	ФилиппБочаров	0.819508858580881	No
133	zhangzhang	0.816717461777003	No
134	Md. Sumsuddin	0.816690973659531	No
135	RickXie	0.8149980979947752	No
136	affemitwaffel	0.8148803038979068	No
137	Mathan	0.8102353286413314	No
138	RFont	0.8090393022391098	No
139	LavishYadav	0.8080438305861313	No
140	xiaoxuliang	0.8072494254177625	No
141	uomcse_efinix	0.8063140061436459	No
142	QuốcBảoĐỗ	0.8060534957857978	No
143	Bojan Tunguz	0.802689270169329	No
144	echo88	0.8015591720371494	No
145	Shijian Su	0.800946594931765	No
146	Chris Cross	0.8002933156107335	No
147	Janos	0.7980890184889545	No
148	MohanNikam	0.7979836860196461	No
149	Yury Kozyrev	0.7978929141861811	No
150	nevergone	0.7967868931459074	No
151	Naqqash	0.7966410102946042	No
152	Felix	0.7944010749120292	No
153	AndreyLipatkin	0.7934755176294375	No
154	Devinder Saini	0.7934526597014286	No
155	SaltSuger	0.7934440224790709	No
156	Ken du	0.7897009427684082	No
157	Ping Ng	0.7889065376000393	No
158	AlexanderPozharskii	0.7881121324316704	No
159	LookingForEntryLevelJob	0.7879215143864334	No
160	TaegyunJeon	0.7870374490970732	No
161	Jakub Svehla	0.7868117680645517	No
162	qwe0814	0.7865254969075142	No
163	Sharks	0.785372107874354	Yes
164	callofdutyops	0.7853530644152976	No
165	hunter10817	0.7823542592844661	No
166	liuyuefu	0.7820868918707248	No
167	Furious10 000	0.7813149969511451	No
168	Tayari	0.7810989060234025	No
169	anantzoid	0.7803045008550336	No
170	MichaelWang	0.7801288781808755	No
171	JGuillaumin	0.7798066190649073	No
172	MohamedRahmouni	0.7783910096664034	No
173	A. Eckert	0.7767790219340921	No
174	skyfengye741	0.776268625257713	No
175	Kasuka	0.7736923742448474	No
176	Alvaro João	0.7716424347777056	No
177	Reza Rasti	0.7709180950108181	No
178	josdorpjossie	0.7708974980169613	No
179	arbalan	0.7708480296093366	No
180	Tim Hsu	0.7703480582411317	No
181	Petr Shypila	0.7696749779466591	No
182	DigitsJeweller	0.7695647544969546	Yes
183	SnowWalkerJ	0.7688071567886843	No
184	ShihaoZhang	0.7672271837512832	No
185	RohitApte	0.7664327785829141	No
186	aaaa 2	0.7663060930391952	No
187	МөнхбаатарЭнхбаатар	0.7657137059773875	No
188	Varsha Dhumal	0.7656428787807057	No
189	Jianyang Zhao	0.76477555007431	No
190	wuqiWeber	0.7644428264214922	No
191	Ben Ogorek	0.763981144905941	No
192	Shmuma	0.7624544600634716	No
193	Codefellas	0.7596692123401124	Yes
194	K.I.	0.7594729246366365	No
195	Vasili Shushval	0.757417397997889	No
196	Sahil Jindal	0.7571562999196098	No
197	AliNawed	0.7554323513683048	No
198	M_B_B	0.7553191186098809	No
199	Oscar Friberg	0.752988266074405	No
200	Pierre Cardona	0.7524172166878715	No
201	VasudevSingh	0.7521938609060362	No
202	utobe67	0.7485399450328707	No
203	danidarshit	0.7477455398645019	No
204	learner123	0.7471414965750014	No
205	ОльгаКонкина	0.7454834934048299	No
206	c_ozbek	0.7453027921668063	No
207	Bartosz Prusinowski	0.7447541415802029	No
208	ISaber	0.7440417159468813	No
209	sunny0o0	0.7440247897555758	No
210	Hison	0.7433109072396934	No
211	Michał Stolarczyk	0.7417220969029558	No
212	Hyunwoo Jung	0.7409276917345868	No
213	Ronald Yang	0.7396046890138668	No
214	Bogdan Kirilenko	0.7379484381125432	No
215	churandy	0.7355815636726475	No
216	aidan	0.7334938041752731	No
217	NelsonMok	0.7325034647595434	No
218	Banzai Charge	0.7273683137438219	No
219	Pavel Bogomolov	0.7255449652938343	No
220	ArsenalByr	0.7246982206464381	No
221	smallFish	0.7239038154780691	No
222	hiro116s	0.7231094103097003	No
223	Ganit Jyotisi	0.7199548005807571	No
224	SaurabhNaik	0.7192094792170064	No
225	gjkim	0.7183467511730773	No
226	eli2063	0.717630434193335	No
227	Dmitry Egorov	0.7168360290249661	No
228	Ale e Fabio	0.7148488149086591	No
229	AlexGuo	0.7125230881832797	No
230	klimovs	0.7116898085235989	No
231	Alex B	0.711452026417901	No
232	Nguyễn Lương An Phú	0.7109313218375455	No
233	Quail	0.7101195724246273	No
234	ahans	0.7088797437118487	No
235	seu1tyz	0.7066115208706846	No
236	mathias	0.702793478531776	No
237	Shao Yen Hung	0.7017852052433546	No
238	MohammadSaifee	0.6989731396292574	No
239	ankita_sinha	0.6981787344608885	No
240	qccc	0.6972485438342075	No
241	ShashwatVerma	0.6964541386658386	Yes
242	Havoc	0.6959541952739992	Yes
243	GokulP	0.694662175584343	No
244	Kien Nguyen	0.6936850433881113	No
245	PashaAdamenko	0.6918552528286399	No
246	Patanjali X	0.6897220592653119	Yes
247	BielM	0.6890641197343107	No
248	Sylvain	0.6881965924776808	No
249	SikaiWang	0.6854274995607318	No
250	dauntless	0.6846330943923629	Yes
251	archer	0.6815969360237798	No
252	Benybrahim	0.680900299753322	No
253	youyou	0.6788621074624132	No
254	shaohui ruan	0.6784547495699723	No
255	wangty	0.6770221655824809	No
256	Qing Liu	0.6755448962657481	No
257	CongWang	0.6746600216007077	No
258	DanielLungu	0.6735941347621733	No
259	sappyprg	0.6728562970280492	No
260	BIGDATA	0.671975718524795	No
261	ztervic	0.6715215534872447	No
262	linalu	0.6699727262298261	No
263	RodrigoLoza	0.6690450646414217	No
264	Dene Farrell	0.6688037453857988	No
265	mi7ky	0.6684491171391621	No
266	weilianghe	0.6676547119707931	No
267	Timur Islamov	0.6669750650505646	No
268	wangtao	0.6642126368971023	No
269	rahenri	0.6640218928421393	No
270	Kv Manohar	0.6601176128952876	No
271	Ekaterina	0.6598367912536303	No
272	TheMajor	0.6591154418283676	No
273	Long Yang	0.6575629837002636	No
274	Diego Pereira	0.6558243271641279	No
275	taeguk	0.6551270483438575	No
276	KittyPryde	0.6543004758211701	No
277	da3m0ns	0.6536653759154903	Yes
278	jasonzhang	0.6535060706528013	No
279	Vishwanath Sangale	0.6531500945749823	No
280	EdLevinson	0.6527116654844323	No
281	MaheshwaranM	0.6516779063793908	No
282	Safta Catalin Mihai	0.6515364062214778	No
283	Prabhudatta Das	0.6507291962868781	No
284	Evgeniy Malishev	0.6499347911185093	No
285	heirenzhanshen	0.6494602732159437	No
286	VivekPraturi	0.6472511605846364	No
287	AlKhwarizmi	0.646499834702186	No
288	fsociety	0.6458070516838649	Yes
289	gpvg	0.6457054295338169	No
290	Sven	0.6453150283862954	No
291	Manvel	0.644911024365448	No
292	DataDrumstick	0.6445743981826134	No
293	JoshLevy	0.6441166191970793	No
294	Eric van Riet Paap	0.6437451894665057	No
295	MikeChen	0.6426642838041066	No
296	lilen	0.6418698786357376	No
297	alui22	0.6414797488049122	No
298	Pj 2	0.6410754734673687	No
299	the_jack	0.6406692843229513	No
300	jag99	0.6397920709882674	No
301	Vikas Reddy	0.6394335531952458	No
302	Dmitriy Batogov	0.6369455447852849	No
303	wanghuogen	0.6360191329760696	No
304	MnsterLu	0.6357503071781854	No
305	RylanConway	0.6340964475660729	No
306	wangwanpeng	0.6340484842870364	No
307	Dixon	0.6338115481684123	No
308	ankit4all	0.6333151082019142	No
309	Kostiantyn Isaienkov	0.6325207030335455	No
310	JinHao	0.6323577593828876	No
311	JoshJung	0.6317822713343036	No
312	NanChen	0.6317262978651765	No
313	Guillaume COTER	0.6316680350517225	No
314	XubinNi	0.6316276762632054	No
315	Hao Wu	0.630209592909869	No
316	Rodolfo Lourenzutti	0.6294151877415002	No
317	sohax	0.6269778917014548	No
318	Adit Deshpande	0.6263189876328473	No
319	dongdong	0.6263144590209717	No
320	Wolf-Guido Bolick	0.6258789234478502	No
321	robertopellegrini	0.6255200538526027	No
322	kurapan	0.6238426843293823	No
323	Mahmoud GeMy	0.6224031847136592	No
324	Prakhar Agarwal	0.6211074434519396	No
325	NguyễnDuy	0.6208745559607711	No
326	SaiAdityaGauravVaranasi	0.6197704841773978	No
327	Earth!	0.6196386578385535	No
328	aLV062170	0.6194747297420942	No
329	blaskowitz100	0.619077621679395	No
330	Seunghee Lee	0.6189760790090288	No
331	Araldo van de Kraats	0.6185464357185697	No
332	songzy12	0.6182670068812298	No
333	CollinErickson	0.61818167384066	No
334	Michael Davis	0.6165375982391562	No
335	ilias V	0.6162721139978441	No
336	liangkuai	0.6152351827783265	No
337	Chason	0.6142291691621975	No
338	Andrew Chiu	0.6133675596927533	No
339	xiao22	0.6107214644211026	No
340	echo42	0.6106377299530684	No
341	Tea Jin Jang	0.6089355674194505	No
342	dominik31415	0.6084381712198645	No
343	Deepin	0.6082419821135173	No
344	onefeat	0.6081411622510816	No
345	David 2810	0.6066760935934264	No
346	Human Analog	0.605731258583141	No
347	Ttkuma	0.6056373567669492	No
348	dyuval	0.60543526168409	No
349	chubakur	0.6050680443246516	No
350	on the way	0.6049688714850764	No
351	Duck_Riot	0.604094217849741	No
352	huixing	0.6039196605533125	No
353	Laxmi Prajapat	0.6036483983819605	No
354	sablet	0.6031352591462867	No
355	Nias	0.6025524672179449	No
356	X. Xia	0.6024348079317798	No
357	Bradley Strong	0.6019756362168248	No
358	leo cardoso	0.600072855610031	No
359	hysic	0.5987657049122113	No
360	TanyaSattaya-aphitan	0.5985871891159982	No
361	SandiMikus	0.5977895395244638	No
362	AchalAgrawal	0.5976730238809911	No
363	Patriciolopezvaliente	0.596878618712622	No
364	Valentin 2	0.5960842135442532	No
365	jxt1234and2006	0.5957876112399401	No
366	BalakrishnaSKesavan	0.5947314117769926	No
367	xiaohui123	0.5946986994988251	No
368	match man	0.5940806046897065	No
369	tmullayanov	0.5939042943304562	No
370	Andrey  Vladimirovich	0.593700106222123	No
371	Dmitry Pogodin	0.5927140672569269	No
372	Rafał Jankowski	0.5916885059417005	No
373	MarcoCarnini	0.5907209391793875	No
374	Ed Brown	0.5906095058621348	No
375	shaohao	0.5878948294332471	No
376	EnzoC	0.5871004242648783	No
377	Michele Vitali	0.5849655619330685	No
378	MatiTangkieatgumjai	0.5845877159790578	No
379	Melanie	0.5845806465660057	No
380	Shashikant Mishra	0.5824319887849717	No
381	Julian 3	0.581527753916099	No
382	vincento	0.5795913523654793	No
383	bencxs	0.5792225820935856	No
384	EMdigitizer	0.5782223401955711	Yes
385	AlexKH	0.5775012655839548	No
386	eberg	0.5767297589890072	No
387	Ramakrishna Poojari	0.5763115655068358	No
388	meurich	0.5760062425054061	No
389	Yuichi	0.575517160338467	No
390	Leon Chow	0.5749238725264645	No
391	QINGYI	0.574777315457504	No
392	Kevin_Ho	0.573797368387945	No
393	Kardamat	0.5726472036901317	No
394	ludovic.thea	0.572535235456018	No
395	upupup	0.5725163569963202	No
396	IlyaKryukov	0.5715261662296585	No
397	MartínSantos	0.5712737468909266	No
398	jnulzl	0.5704793417225575	No
399	mangoyuan	0.5703597734787716	No
400	Maidenhead4	0.5698883345708512	No
401	Codle	0.5696849365541888	No
402	Mikhail Chugunkov	0.5692087685064575	No
403	star	0.5690442473333703	No
404	Nikita Verkhovin	0.5685130613725452	No
405	Ievgen	0.5671237307952165	No
406	sins	0.5667876356602669	No
407	dunzanburren	0.5667527551587483	No
408	fzhurd	0.5662933357411819	No
409	LIAO	0.5658823673226198	No
410	KevinBaize	0.5653978340474792	No
411	Jordan Webster	0.5639404352786628	No
412	Freykjavik Bjuniversity	0.5637104514014177	No
413	toxu	0.5636223688102214	No
414	BladeBreakers	0.5634021307244014	Yes
415	ZarCiro	0.5632801767529297	No
416	LoicmDivad	0.5627126661418629	No
417	RenyangMeng	0.5613141369740909	No
418	kojix2	0.5609858529370828	No
419	lrl	0.5589468745040829	No
420	Radha	0.5550004337000309	No
421	VincenzoJin	0.5543974134029109	No
422	Georg	0.5542490604851529	No
423	ZaiyongZhang	0.5542060285316621	No
424	EmilianoLucero	0.5534116233632932	No
425	dmcstgn	0.551461556427419	No
426	spideR_man	0.5511102042018844	No
427	Nick_	0.551046841348203	No
428	queena	0.5505713645488459	No
429	TrueNorth	0.5503157990335156	No
430	tetyama	0.5495213938651466	No
431	**__	0.5487269886967777	No
432	jiangxiaozhou	0.5468678014509841	No
433	fatboy	0.5467461861981824	No
434	Aleksandr Savochkin	0.5437759697865906	No
435	David Dalisay	0.5427109988618539	No
436	cape101	0.541916593693485	No
437	saurabhrajkarnikar	0.5406088238440638	No
438	YanchaoXu	0.5404530590973409	No
439	Yishen	0.5399382534031254	No
440	R&L	0.5374594286119858	No
441	WeCodeR	0.5368307314851086	Yes
442	nateRiver	0.5366650234436171	No
443	ShashankSharma	0.5364396252857911	No
444	Hatseflats	0.5358706182752481	No
445	Denis Vlasov	0.5358326678064218	No
446	Ilya Kheifets	0.5350762131068793	No
447	YangJunye	0.5341460224801983	No
448	VikramVimal	0.5334483965787872	No
449	BetterThanYours	0.5333516173118292	No
450	baharmohammadi	0.5325572121434604	No
451	jiangpanonly1	0.5312038328253469	No
452	Domingos Lopes	0.530462723212285	No
453	bb1ll1ngs	0.5294407658688401	No
454	misgod	0.5291154817786832	No
455	AlGiLa	0.5283161199712388	No
456	Compound	0.5260260865826332	No
457	srinivas mudhiraj	0.5249059712940587	No
458	Jeff 2	0.5242710998371529	No
459	Murvers	0.5234766946687841	No
460	ThembaniPhaweni	0.5227454072664781	No
461	bandiangou	0.5221194765508317	No
462	Alexey Ivanov	0.5220851509177911	No
463	arash	0.5218671795017298	No
464	PenguinML	0.5215364322153542	No
465	RevThat	0.5204971779688382	No
466	Yongjin	0.520053241658886	No
467	Alaa Awad	0.5194933477711396	No
468	TrevorNell	0.5193011515666165	No
469	RuobingWang	0.5192596014180886	No
470	Zhee	0.5184813327985951	No
471	viktordudas	0.5184383282263811	No
472	Kasei	0.5176439230580122	No
473	ДмитрийКиперов	0.5169678704231955	No
474	Hugo Martiniano	0.5165007870264728	No
475	ToshVyas	0.5163775055106107	No
476	sisyphus	0.5161263661362259	No
477	MoritzBerthold	0.5157289280753646	No
478	rivasj	0.5129487454627504	No
479	Ruzeil	0.5121543402943814	No
480	greyman	0.5118604062412653	No
481	nickyang	0.5110381383739945	No
482	VincentCabeli	0.5102941220263899	No
483	WillyNdirangu	0.5102080950017828	No
484	JavierVLAB	0.5086565245231727	No
485	kalaabala	0.5073896502719241	No
486	drcdh	0.5071208872407893	No
487	TianliangZhang	0.5068080796591504	No
488	CanePunma	0.5044557140125233	No
489	KevinWan	0.5037955022076037	No
490	Yessergire Mohamed	0.5030689562665003	No
491	Maxim 2	0.5022490655610536	No
492	mengbo	0.5017446365009152	No
493	Kavasi Mihaly	0.5009502313325465	No
494	Tachibana Kanade	0.49989308951041833	No
495	arsalansaad	0.4996566827053279	No
496	Gang of Three	0.4995983787661472	No
497	Ambresh	0.4988337292235979	No
498	Mihail Burduja	0.498700101078841	No
499	Gang of X	0.49856005517181495	No
500	Winson Waisakurnia	0.4982259408380771	No
501	Nils 2	0.4976947548772519	No
502	ShravanKumar	0.49592308491831405	No
503	Vasilenko5	0.49410824098225825	No
504	MitchSanders	0.49277479882608743	No
505	Abhi Goyal	0.49219002295842246	No
506	rodge	0.4919460485428994	No
507	DmitriiSergeev	0.49115164337453054	No
508	Splashblue	0.49051093618727487	No
509	亓了个葩ustc	0.4903572382061616	No
510	Masters in learning	0.4895628330377928	No
511	xiao 2	0.4890928404349668	No
512	GGXH	0.48861612479633754	No
513	raulbryant	0.487459191890673	No
514	qidongqi	0.48668704195007795	No
515	hanphl	0.4861547080505373	No
516	Anna Rozhkova	0.481383342642965	No
517	Dmitry Malugin	0.4801091206554123	No
518	slmady	0.479892693484297	No
519	nickgu	0.47986935340602355	No
520	nkocyigit	0.47974221386664406	No
521	smithfleet	0.4793543873097665	No
522	ИванВадимовичМахотин	0.4791406931030477	No
523	Rolo_Compressor	0.47894780869827525	No
524	sandervanderpost	0.47782681838542385	No
525	rui	0.4775412540118711	No
526	alessio	0.4774416739890147	No
527	pippo	0.4768465715310085	No
528	Tuan Nguyen	0.47684461187535687	No
529	eginardo	0.4766789506192106	No
530	Jake Holland	0.47486804049622267	No
531	zshiki	0.47405616133526185	No
532	NizhaShree	0.4738095164263747	No
533	srbiau	0.47239116359163114	No
534	AndreaRufini	0.4720511577016412	No
535	luhaifeng	0.47023987516154925	No
536	bhas	0.469093044841533	No
537	jfz2004	0.46850705558015815	No
538	JianxinDuan	0.4677126504117892	No
539	r3dmao	0.46564934766841115	No
540	Najeeb Khan	0.4628385676278038	No
541	GangZhang	0.4618299826484877	No
542	SoundOfSilence	0.46172202037544274	Yes
543	PeSsenger	0.4613398991866463	No
544	RTrom	0.4599344985578523	No
545	sunpeng	0.4598652040577373	No
546	Paul D'Amora	0.45976348693547126	No
547	Dario	0.45816107088477565	No
548	Václav Čadek	0.45805018345425086	No
549	Willy	0.45633901468042004	No
550	successfan	0.45567580042193057	No
551	shrey mudgal	0.45528535240815765	No
552	Legron	0.4543681396631744	No
553	yu'xun陈	0.45386845425801214	No
554	Jonny	0.4536447764465622	No
555	Zac Kenton	0.4535737344948056	No
556	Archit Garg	0.4533730866619881	No
557	wendy 2	0.4532808329453234	No
558	TimmyXu	0.45284849830459717	No
559	Joseph Simonian	0.45277932932643666	No
560	ApoorvAgarwal	0.4519849241580678	No
561	Shobhit Gupta	0.45112210081783255	No
562	michaelhoffmann	0.45088285624544283	No
563	Ozanize	0.4507461890191396	No
564	ManikandanSwaminathan	0.4503276956494635	No
565	lruoran	0.4495332904810947	No
566	AnandJain	0.4493697932228557	No
567	AlexanderNikolaev	0.44919519247087614	No
568	haataa	0.44873888531272593	No
569	jaadler	0.4483056659499798	No
570	Aman Chauhan	0.4481475256300454	No
571	XiaoDong	0.4479444801443569	No
572	Renew	0.4471701793746238	No
573	Frank Le	0.44678243136294654	No
574	hannah	0.4465535807601994	No
575	Maksimov11	0.44578345947451	No
576	onhanik	0.4456526355962369	No
577	MustafaKeskin	0.444564157766857	No
578	Tu Thai	0.4443244844576594	No
579	Quantifier	0.4442909182529424	Yes
580	A-Team	0.4425187588023324	Yes
581	ywllyht	0.44177859120832597	No
582	Lucifer	0.4416775618600477	No
583	chenWong	0.4416686228196473	No
584	ZhupingLi	0.4415479530126433	No
585	FUPM	0.44104923938369894	No
586	eric_d	0.4408831566916788	No
587	hono63	0.43974765328607524	No
588	hugematrix	0.43958535000664145	No
589	B.Adithya	0.4379037008598054	No
590	Cui Gaochen	0.4377182639568357	No
591	Aleksandr Gorovoi	0.4377032370811372	No
592	Ax.h	0.43737911250241446	No
593	akshaywalvekar	0.43702958261465263	No
594	tiantian	0.43685452414502346	No
595	austin sun	0.43650371786224806	No
596	Vipin	0.4357620416159516	No
597	{BertrandRussell}	0.4326219644355366	No
598	SyedDanish	0.43245895243808236	No
599	Jirapol Songvuti	0.4323120741478228	No
600	veeteque	0.43134140428021633	No
601	Srinivas Baride	0.4313347767307449	No
602	末世大金矿	0.4298898381249573	No
603	maxwab	0.42862834955986584	No
604	DmitriyKropivnitskiy	0.42740962241657876	No
605	Maciej Twardowski	0.42688404435308563	No
606	weiming	0.42550890932386864	No
607	leengsmile	0.42492796859531695	No
608	arpitutsav	0.42484569506537917	No
609	Andrew + Rishav	0.42418248080688975	No
610	JohnFarrell	0.4235192665484002	No
611	RaghunathVP	0.4230137261500799	No
612	Betty Schirrmeister	0.4224126069777373	No
613	Javier Gutierrez	0.42181611276194864	No
614	YuanDong	0.4211221335386742	No
615	Piotr Giedziun	0.42056512385389994	No
616	DigvijaySingh	0.41971761344578706	No
617	GaurangRai	0.41970457473663725	No
618	GauravJoshi	0.4189101695682683	No
619	Jaldeep A	0.4188156181286309	No
620	zttech	0.41811576439989945	No
621	think in learning	0.4173213592315305	No
622	DoubleWomen	0.4169617608114747	No
623	bigdit	0.41652695406316165	No
624	RanGodrich	0.4162985465529852	No
625	DFridman	0.4155036024940954	No
626	Ashley Jacob Ross	0.414481546333665	No
627	TashinaGraves	0.4143368651013818	No
628	RahulChatterjee	0.41377912960442903	No
629	IvanSosnovik	0.41367825848796025	No
630	Paul Lombardi	0.41311591534593955	No
631	EricChien	0.41245270108745014	No
632	c1450220sor	0.41142951832032665	No
633	wangmj	0.41102979558736635	No
634	JackDS	0.4107885770783475	No
635	Fizik	0.4102406608484712	No
636	haoxigua	0.4096695198770531	No
637	enjoYB	0.4092024364803304	No
638	Soham Banerjee	0.4090772861820075	No
639	SergejFomin	0.40892187737455765	No
640	shunpi	0.4086845022474915	No
641	llfccc	0.40812747220618883	No
642	Bhargav	0.40733306703781985	No
643	LiuChang	0.40653866186945103	No
644	JesseL	0.4060619992031296	No
645	Varun	0.4029609696760634	No
646	Linna&Lydia	0.4024947155197255	No
647	AmberMcKenzie	0.4019337796002992	No
648	Bobfan	0.40096034819709536	No
649	Dawood Khan Mohammed	0.4003854765961534	No
650	Jokers	0.3995769967718419	No
651	alphaBu's	0.39703217512188743	No
652	cashew	0.3970061352103821	No
653	Reza Nirumand	0.39690874152514055	No
654	Eidan Cohen	0.3966669123036153	No
655	algorithmica1	0.39648136109513393	No
656	SedaCavdaroglu	0.39587250713524647	No
657	DiamondToy	0.3954390960287001	No
658	MarkusLei22	0.39507810196687754	No
659	fabien chevallier	0.3942836967985086	No
660	古賀恭平	0.3934892916301398	No
661	DennisSchönhof	0.39312088828714586	No
662	Pratap Dangeti	0.39305140513139364	No
663	JeongHoonHyun	0.39276800716636684	No
664	pramodpatil	0.39236284190630233	No
665	luisi	0.3922017166484298	No
666	Andrey Sozykin	0.391141346418635	No
667	Jürgen Hollfelder	0.38984238370722457	No
668	ClausHolmgaard	0.3875988553803975	No
669	Apple	0.3873250841867644	No
670	AnisNouri	0.38653067901839544	No
671	dubiouscyborg	0.3857362738500265	No
672	我曾经被山河大海跨过	0.385441343318721	No
673	CT_BALY_ESSES	0.3852020311955313	No
674	Lannie Miao	0.38460553697974265	No
675	Rabindra Nath Nandi	0.3827606294280446	No
676	CodyHeimberger	0.3821138620063413	No
677	nullpointer	0.381997066585635	No
678	Ajou University	0.3817118423514687	No
679	1dollarpizza	0.38133385232714545	No
680	Mechanoid	0.3813190584169525	No
681	HanGuo	0.38103638922507876	No
682	whiterbear	0.38074751753665304	No
683	JessieKao	0.38067063806865603	No
684	MengjiaoZhu	0.3800074238101666	No
685	Pete.Zhang	0.37934420955167714	No
686	MarinosFC	0.37929728669185625	No
687	mesarikaya	0.3785528805328494	No
688	pakree	0.37772067145113003	No
689	STACers	0.3774624992932605	No
690	RuthRowlands	0.3769262662827612	No
691	Soap	0.37636090433315345	Yes
692	Андрей Клюев	0.3761776664159475	No
693	Ehsan Saghapour	0.3760555106749333	No
694	DAJING	0.37502582529374845	No
695	xmfbit	0.3749895486245059	No
696	Nurul Akter Towhid	0.37483519655578945	No
697	Howard Chen	0.3746064922020057	No
698	lushang	0.3742084090468089	No
699	Gabriel Ruttner	0.3740099979862171	No
700	yk28	0.37270223693998955	No
701	Donggyun Hong	0.371937527577079	No
702	GunjanPravinchandraPandya	0.37189472652097566	No
703	shiyiming	0.371193079908526	No
704	snc19	0.37078457362856493	No
705	HangYu	0.36914218783151975	No
706	FrankLin	0.3687912242761319	No
707	tyd2lx	0.36842338385575607	No
708	kosmonautas 2	0.36798860180022674	No
709	cg784101125	0.3672592499755998	No
710	GauthamKumaran	0.3667160501526203	No
711	inferoscope	0.3666828675676793	No
712	zuse	0.3665371051893334	No
713	qwertyuiopas	0.3658050266189332	No
714	AlbertoGasparin	0.3657427000209645	No
715	Alex Bella	0.3656684376263221	No
716	startech	0.3655769187008962	No
717	Evan Kesten	0.3651155469331869	No
718	Francis Mitra	0.3650523303435052	No
719	Twistbaby	0.36465667064966417	No
720	zl557 and bl657	0.3645190527173982	No
721	Erik Brorson	0.3640285419741507	No
722	Constantin	0.3639225585016096	No
723	Tom Dörr	0.3633949030350033	No
724	NoelAlexander	0.363326064285821	No
725	ZhixiangLi	0.36324455983635107	No
726	Mukesh Kumar	0.3617880049083	No
727	Aamir Goriawala, Kalyanee Chendke, Rohit Date	0.36113999133706354	No
728	Omar Alexander Ruiz	0.36088115681012306	No
729	xliu92	0.3605876416770183	No
730	n_ken	0.3588775430816786	No
731	Ploy Temiyasathit	0.3588639367399196	No
732	Reyhaneheb	0.3587365629123761	No
733	KitipongSirirueangsakul	0.35846231550606683	No
734	BrandyBroadbent	0.3579421577440072	No
735	timespace10	0.35645227599630985	No
736	Allen Qin	0.3564137359301472	No
737	CarterRaha	0.3562207179123841	No
738	Shahrukhkhan	0.3561444672152368	No
739	MT 2	0.35592390554786585	No
740	YabinPing	0.3557229241716828	No
741	NareshAmbati	0.35562892525391776	No
742	chh931118	0.3548055787460471	No
743	David@THM	0.3546074315667567	No
744	T. Niyomkarn	0.3541724195985753	No
745	KouHonda	0.3540116127250142	No
746	Sagar Uprety	0.353759359979326	No
747	Vijin K P	0.3529649548109572	No
748	jborne536	0.35228046470838176	No
749	AjayNagar	0.3522619028888467	No
750	wirack	0.3521705496425883	No
751	suosssss	0.35153017373114237	No
752	kaihua	0.3512861188537705	No
753	Ali Bagherpour	0.35061937317053676	No
754	Ashok Davas	0.3502920513988905	No
755	JamesDiotte	0.35018173643202494	No
756	XiaokanWang	0.34996472962724423	No
757	DongwonShin	0.34907111096198773	No
758	tom6981588	0.3489216558046325	No
759	yeerir	0.3481272506362636	No
760	dkicenan	0.3473328454678947	No
761	Orlando	0.34720340622158086	No
762	Jersyliu	0.3466822331543032	No
763	Chengwei Huang	0.3464895456117622	No
764	D84_N1NJ4	0.34648633234893605	No
765	Naveen 2	0.34613875242011866	No
766	WujingYao	0.3460857389385145	No
767	YatingZhan	0.3448927505069373	No
768	ChensuXie	0.3442962562911487	No
769	Álvaro Méndez Civieta	0.3437508361314095	No
770	sid.xiong	0.343683420881027	No
771	fedezarf	0.34315223492020186	No
772	Frankchen	0.34105124802604064	No
773	sunsy	0.3397357245150095	No
774	gonthalo	0.33902999481338436	No
775	NurzatRRakhman	0.3389413193466406	No
776	chu_cs_nmsu	0.33858111261100765	No
777	bmpc	0.33812460582505643	No
778	ZohairZahid	0.3373982971764815	No
779	Bohdan Bobyl	0.3373196357050052	No
780	Jian Liu	0.3368204909531915	No
781	Bas0923	0.33665176655229945	No
782	Blake Chen	0.33648936752288944	No
783	jinyuerui	0.33584066078171837	No
784	Trent Cai	0.33516170093666464	No
785	GustavoMA	0.3346425601482477	No
786	tveek	0.33436729576829566	No
787	rmacey	0.33422853568456057	No
788	yazsh	0.3337216587180845	No
789	Nikita Vasilev	0.33370273066381667	No
790	yijunsu	0.33357289059992684	No
791	Javkhlan-Ochir Ganbat	0.3335025486880582	No
792	ShinodaC	0.3327765616915557	No
793	Jadia	0.33245782304886545	No
794	RUEIHE CHEN	0.33166994797639127	No
795	Weenkus	0.33044438779476554	No
796	Rinzler Technologies	0.33024839436390774	No
797	sans	0.3294763232720018	No
798	Pierre Aumjaud	0.32918474572435746	No
799	Chathurika	0.3290249541918808	No
800	Max & Maike	0.3287399440487815	No
801	Jessie Li	0.3283452723685356	No
802	KanaChou	0.3280708707926401	No
803	ziru	0.32799198629791615	No
804	Bhuvaneshwaran	0.32755086720016663	No
805	Elbert Fliek	0.3272643270169729	No
806	block	0.32675646203179787	No
807	Rhostam	0.3260873702284106	No
808	Ngoc Anh Huynh	0.325962056863429	No
809	ShaneGrosser	0.3258303611515493	No
810	Krybaby_7_9	0.32555618426758537	No
811	PerfectMachine	0.32522577952127685	No
812	jack_Gan	0.32502499830676024	No
813	Hackers	0.3242996072150366	No
814	Pham Kim Hoan	0.32384420721090845	No
815	YuzhouSong	0.32356129840865727	No
816	Alexander Sutherland	0.3234031671984606	No
817	Anshulvyas	0.322865145976855	No
818	RobinNicole	0.3228432709767113	No
819	Team Unicorns	0.3226490057032234	No
820	Lieutenant Tom	0.32231629258998606	No
821	163050020	0.32227178985637867	No
822	ThusFar	0.321160413722374	No
823	Nikolay Chervyakov	0.31998808048055527	No
824	Aris Fergadis	0.31996996016902274	No
825	ben robbins	0.31795377510759293	No
826	dkkk	0.31774457702854175	No
827	prince谢晓峰	0.3168776051361928	No
828	ChKGB	0.31651491691774375	No
829	PatrickLiu	0.31608319996782386	No
830	Aleksandr Voishchev	0.3159308630927114	No
831	Dillon	0.31528879479945493	No
832	GBI A&T	0.31524590298473965	No
833	wxlmessi	0.3144943896310861	No
834	Charrin	0.3144853203196743	No
835	RohanRaj	0.3138271486323897	No
836	Russ Boucher	0.3137063469480185	No
837	heimingx	0.3136999844627172	No
838	abhay kumar	0.31306046381838826	No
839	Luc	0.3129055792943483	No
840	Alexander Zerbe	0.3123620318431495	No
841	lmy0412	0.31211117412597944	No
842	Ling Mao	0.3113167689576105	No
843	Nick Styles	0.30964434618263176	No
844	Elsa	0.30935207107857604	No
845	Diego_Pablo_CT	0.30885615067095046	No
846	ZdJiang	0.30882088511775085	No
847	Yuvia	0.3086421631852801	No
848	buckthoothsir	0.30832232613688376	No
849	Francesco 3	0.30828969915692567	No
850	kobex	0.3074457856803262	No
851	tyk	0.3068252307238612	No
852	rushang	0.30657719041224263	No
853	Cearnaigh	0.30649777122022326	No
854	Дмитрий	0.30603905901566497	No
855	Nazly Sabbour	0.30571410358686946	No
856	pomoke	0.3051658442391316	No
857	ParthaMishra	0.3048638713100473	No
858	devmeow	0.3018383352310979	No
859	longhuanglong	0.30168716647783606	No
860	yuwang	0.301600561221596	No
861	ConsiliumTechnology	0.3014723698189569	No
862	ZekkoX	0.3011996756265415	No
863	AkarshAgrawal	0.30107958588444084	No
864	johnzhao	0.30055167854535053	No
865	DDzsotjan	0.30040527045817267	No
866	KolegaSuper	0.2996004735855867	No
867	Johan	0.2978688011203474	No
868	ArshjotKhehra	0.2975706993229438	No
869	kenneth	0.2970720834436872	No
870	Li Hao	0.29692952902775177	No
871	Piotr Carlos P.	0.29677629415457496	No
872	JoacimStrand	0.2955675028831202	No
873	Sheng Yang	0.29492695449629414	No
874	zcg_kk	0.2941993527232402	No
875	Tahar	0.29400405187559997	No
876	ChetanGupta	0.29356053940064897	No
877	RedaAffane	0.2934786253857466	No
878	plantsgo	0.2932096467072311	No
879	TraceTidwell	0.292882131169958	No
880	AbhishekKumar(AK)	0.2926945318117019	No
881	UrfTheManatee	0.2922856369541694	No
882	AlexWellbelove	0.2922092878556749	No
883	PiemonSparrow	0.2917294911950226	No
884	JaneSom	0.2916275054589805	No
885	selfmaker001	0.2910001393703956	No
886	desperadomo	0.2899725694996455	No
887	RaphaelCampos	0.28888483396365694	No
888	Sven 2	0.28842365755504684	No
889	longcd	0.28837988223694444	No
890	milktea	0.2878273422778232	No
891	Chenhui Hu	0.28732880765378244	No
892	LixinSu	0.2869826511749416	No
893	Ambimanus	0.2867651267654456	No
894	鈴木健吾	0.28653440248541345	No
895	o_juli_o	0.286298043368723	No
896	thesouthfrog	0.28594953410258783	No
897	Shaun the Sheep	0.28566333472127575	No
898	ak2	0.285413058498929	No
899	Gim_7	0.28425582073688205	No
900	SpeedyXeon	0.283664172042945	No
901	didi	0.28298729813624646	No
902	Himanshu Gupta	0.2816964049503815	No
903	garnex	0.28140508079509524	No
904	yiming	0.2813655377074604	No
905	ИльяШапилов	0.2813372193735844	No
906	hk	0.2809727537729443	No
907	Vitaly	0.2807919913995198	No
908	Abhijit	0.28057996983842814	No
909	Li Dongfang	0.27976782555835433	No
910	Alex Lee	0.27967412154436044	No
911	lvyh	0.27957181410438586	No
912	niczky12	0.2795311827618523	No
913	Sunny 3	0.27845008716437064	No
914	Madhav	0.27835659401993773	No
915	KrishnaKulkarni	0.2783446327241764	No
916	JeffreyZ	0.27678169522023943	No
917	Fans C	0.2765936869464459	No
918	slow	0.2751195857308293	No
919	DanAllen	0.2749712669524869	No
920	RavI Ponmalai	0.2743080526939975	No
921	BoGao	0.27247896890203754	No
922	SaamerSaad	0.272396346162162	No
923	Yuna.qiu	0.27235588537130806	No
924	sel3aa	0.2718888019745854	No
925	pandeyiyer	0.27176839789919827	No
926	JohnCache	0.27142171857786285	No
927	wcolgan1	0.2707517431401973	No
928	janfischer	0.27026484864829636	No
929	estenhl	0.2696108865695132	No
930	gmcather	0.26950687284073266	No
931	Yuze Huang	0.26925516311329534	No
932	ParvezRafi	0.26846075794492646	No
933	LATTE	0.26819184304748345	No
934	JOAN	0.2677162814950746	No
935	Shojiro Yanagisawa	0.2675627709869479	No
936	JohnCheng	0.2671985985145413	No
937	wuyuliang	0.2666015172842154	No
938	Tanner Dye	0.2656720994872468	No
939	Paul Mongkud	0.2652800044188025	No
940	Jack Li	0.26461928851619126	No
941	CelsoF.AraujoF.	0.2641858512384605	No
942	Charmender	0.26379307225142723	Yes
943	Zhu XueLin	0.2636440637304446	No
944	楠辉小仔	0.2629650685700016	No
945	123	0.26252550896015353	No
946	Chris+Gautam	0.2618537596825805	No
947	Leonid Startsev	0.26176904216777996	No
948	Vishwadeep Gautam	0.2615565854719227	No
949	alanchen	0.261540262422921	No
950	ParisaNejatian	0.2611474784884049	No
951	LegioN	0.2605597982394626	No
952	BagOfWords	0.2605547424469132	No
953	DrNick	0.26046703866170406	No
954	Zuyue	0.26044072655109796	No
955	zhuangxu	0.25972753088241185	No
956	DarrenYates	0.2591448671450425	No
957	Noah Schwartz	0.2591223465383335	No
958	lakeri	0.2591084661376904	No
959	Isaac 2	0.2584147685319901	No
960	wxy_bupt	0.258070768328115	No
961	ShuaiWang	0.25741612478482245	No
962	sunhai	0.25653639103367293	No
963	Julio Moyano	0.25628842132868473	No
964	NeilDewart	0.25599647647132856	No
965	KermitJedi	0.25523981737943113	No
966	ashvinisharma	0.2543073886683426	No
967	Liang	0.2540156458132105	No
968	Kent Johnson	0.25278519728326465	No
969	will 3	0.2526227026047643	No
970	InomMirzaev 2	0.2520122384342233	No
971	kama11	0.25115706110543173	No
972	kensei	0.250970059820364	No
973	SherryLeung	0.2507236114888631	No
974	Neelu Choudhary	0.249782870717479	No
975	ArtemZraev	0.24891898143715396	No
976	Larkin	0.2488653969317139	No
977	Jiajun Li	0.24852905762847396	No
978	Amir Pournasserian	0.24837505092832157	No
979	ecolvin	0.2483342109708887	No
980	Justin 2	0.24824909269497303	No
981	JessieLi	0.2482125436609363	No
982	J. D.	0.24798903538828773	No
983	zhangqiang1104	0.24779154036534018	No
984	DapengWang	0.24680089094335	No
985	Daniel Vacca	0.24671113134572414	No
986	jameslong	0.2461517784419093	No
987	donaldtfung	0.24600648577498113	No
988	edrush81	0.24561769432959565	No
989	AsifMohammed	0.24533749792632953	No
990	BananuhBeatDown	0.2450865083687705	No
991	Gerben	0.24496766494936148	No
992	lihuir	0.2446755488407476	No
993	Ellias	0.24341446909478412	No
994	Ken Mok	0.2421508473297868	No
995	Never_Sepulveda	0.24196287197046906	No
996	EugeneNg	0.23937602111622716	No
997	Nataliya Peshekhodko	0.2388646101097965	No
998	Vyacheslav	0.23884057908021566	No
999	KeithSelover	0.2387217263421807	No
1000	CQUTWH	0.23802938171418161	No
1001	xiaoxin	0.23790765954585083	No
1002	Alexp239	0.2370652744925538	No
1003	andheroe	0.23674399931338544	No
1004	Diamanta	0.2358954549539093	No
1005	GeekFox	0.2358855424786821	No
1006	Sumit	0.23551952245850222	No
1007	chitrita	0.2354924472147759	No
1008	Behzad Bagheri Behrouz	0.2351633453523162	No
1009	gzgzgz	0.23476619514312055	No
1010	Lovekesh Garg	0.23457943218748817	No
1011	kin yu	0.2345400162396725	No
1012	zhangjunphy	0.23420029267481257	No
1013	AnnaHomor	0.23319628359021524	No
1014	tobe	0.2331921556747537	No
1015	Haifeng	0.2331364074937626	No
1016	AasimWani	0.2329954746797929	No
1017	buhaozi	0.2326469245607919	No
1018	QiangLi	0.23240368202132664	No
1019	Guillermo González Sánchez	0.231058191162176	No
1020	Cody Dean	0.23045280624660242	No
1021	BegueF	0.2296077369122524	No
1022	zwjreal	0.22947736967591287	No
1023	Foobar	0.22905040293888754	No
1024	NiranjanDeshpande	0.22863297198778482	No
1025	TanguyBretagne	0.2277197251569874	No
1026	changliao	0.22744997471929268	No
1027	ViralParekh	0.22711563560849546	No
1028	Al Momin	0.22698009207216008	No
1029	Aayush	0.2269040617936873	No
1030	JustinYang	0.22594700869627765	No
1031	danlei	0.22568378948873397	No
1032	christian_b	0.22524949386146662	No
1033	Aupera	0.22462671789762442	No
1034	Pavan Kumar	0.22444690812732013	No
1035	wangdingding	0.22430191185240422	No
1036	Quazar	0.22408025127709075	No
1037	YuanchiMA	0.22342679234110457	No
1038	chettyv	0.22334468802038515	No
1039	WaiMunLek	0.22068787443675741	No
1040	Ruthger Righart	0.22037187442322492	No
1041	ZHOUJUNJUN	0.21948479698136647	No
1042	TyasKusumaHandayani	0.21921744927831324	No
1043	ThomasD	0.21888481529991233	No
1044	JonathanLou	0.21859056493867296	No
1045	JeremieBou	0.21857948715876682	No
1046	sirius 2	0.21837094186689804	No
1047	gozky	0.21785567497431263	No
1048	Govorkov(521 MSU 2016)	0.21715689408256125	No
1049	rosie	0.21685670463080595	No
1050	Chupakhin (521 MSU 2016)	0.216829572310915	No
1051	wangyinan	0.21670841421549508	No
1052	Shpilevoy (521 MSU 2016)	0.21650225053926872	No
1053	Mikheev (521 MSU 2016)	0.21617492876762245	No
1054	Yunfeng Wang	0.2161340599833746	No
1055	Tutelian (521 MSU 2016)	0.21584760699597624	No
1056	tsuna-shun	0.2156951856337527	No
1057	Romanov (521 MSU 2016)	0.21552028522432998	No
1058	AZhabotinsky	0.21535569113753197	No
1059	Icyblade	0.21527673159340482	No
1060	ishan12345	0.21508751413627403	No
1061	EnoVictor	0.21496209718229958	No
1062	lengyue	0.21490201880784518	No
1063	IshanSodhi	0.21488490162637136	No
1064	SamBailey	0.21453127359221857	No
1065	EktaGujral	0.2143484336810847	No
1066	lilili	0.2140786168701068	No
1067	purple	0.2138088000591289	No
1068	David Pérez	0.21362034376670055	No
1069	ForestGump	0.21345004481484028	No
1070	Jelmer	0.2133205013001062	No
1071	Thanos 2	0.21268458523070577	No
1072	zyl123	0.2124112195130372	No
1073	Caio Oliveira	0.21229686796460312	No
1074	chuanqi129	0.21212642543787674	No
1075	JosephEnguehard	0.2121077634249774	No
1076	Travis White	0.21177729580596544	No
1077	zhaozexue	0.21143525849515898	No
1078	Vikas Agrawal	0.21132992875296155	No
1079	blue_choc	0.21077466172271742	No
1080	TracyCui	0.21071948577664323	No
1081	Narasimharao	0.21059366611912866	No
1082	Rémi	0.2101065340648188	No
1083	StefanOrr	0.21004262159515732	No
1084	Shahzad Tabassum	0.2098530457618554	No
1085	xiaoran	0.20955169336288773	No
1086	JayendraShinde	0.20895679194011646	No
1087	James Foster	0.2087313188218403	No
1088	HugoN	0.20798888672422658	No
1089	ColinLee	0.20735645615171344	No
1090	KarlSigfrid	0.20686492114522353	No
1091	Raymone	0.20607264205103246	No
1092	YRUI	0.20583468729803098	No
1093	Aamir Mustafa	0.2057850402833268	No
1094	KJ+Greg_CT	0.2054850078152106	No
1095	DenisUlianov	0.20541160421801813	No
1096	TJ Gilbrough	0.20531771804849444	No
1097	KerD	0.20488851359942195	No
1098	ogechi	0.20429201938363334	No
1099	Igor Prusov	0.20412780238708533	No
1100	Emi Tanaka	0.20294105354988257	No
1101	AkashGupta	0.2029050075994104	No
1102	SimranjeetSingh	0.20211060243104154	No
1103	Charily	0.20148291461109705	No
1104	Bootes	0.20146234632706536	No
1105	fgrzeszc	0.20112836684679322	No
1106	VõHồViệtKhoa	0.200716593129981	No
1107	boojinks	0.2003925617386837	No
1108	Jianghan Li	0.1999234597227458	No
1109	BenKrieger	0.19902514129416715	No
1110	goldchops	0.19868260200572632	No
1111	ParthChaudhary	0.19812532738408117	No
1112	chilung	0.1980908093472601	No
1113	Becase	0.19779702333553184	No
1114	mapShuffleReduce	0.19759865323875375	No
1115	Haritha Thilakarathne	0.19752760319884455	No
1116	zzdxfei	0.19749521101832457	No
1117	AIM94	0.19719183709867252	No
1118	crwang	0.19711371571502884	No
1119	Nestor D.	0.19698922458876988	No
1120	Bricoleur	0.1968843798645115	No
1121	Daoxun	0.19650747705147636	No
1122	PoojaShrivastava	0.1963417160116662	No
1123	He Qinyao	0.196307745302843	No
1124	VadimSychev	0.19614455073124568	No
1125	Makarova (521 MSU 2016)	0.19596351368870005	No
1126	Dimitri	0.1952666569477001	No
1127	Arthur  2	0.19491451063211473	No
1128	Binil*George	0.1948886911332406	No
1129	frosty	0.19447666588443943	No
1130	Daan Michiels	0.1940942859648717	No
1131	wangqihui	0.19385182190538627	No
1132	AtlasYu	0.19355182382640748	No
1133	PRB	0.19342140945871486	No
1134	Francesco Di Baldassarre	0.19272236302040474	No
1135	Rohit 2	0.1926528320555293	No
1136	PhemyKadri	0.19219411889542115	No
1137	Zindabad	0.19145941760825272	No
1138	XIMO	0.19090712681628375	No
1139	Lola S Gardner	0.19042018609219746	No
1140	TK Tang	0.19005430847242563	No
1141	Illidan7	0.18894677788342712	No
1142	Md Rifat Arefin	0.18891770282922607	No
1143	Magicyu	0.18867959122006966	No
1144	CoMartel	0.18821250782334706	No
1145	Javier	0.18771515382681006	No
1146	hotmanwang	0.1874048679748526	No
1147	TheKannanator	0.18726882344589538	No
1148	Salami91280	0.18707531099861396	No
1149	yang 3	0.18655149342480046	No
1150	echooo	0.18556807818568385	No
1151	weixk	0.1852407564140376	No
1152	Jan Lehnhäuser	0.18455561906659418	No
1153	Chaitanya Sai Alaparthi	0.18451389958953196	No
1154	Jona Q	0.18437171669548671	No
1155	JiansheFeng	0.18420703439330363	No
1156	小数	0.18323192775227115	No
1157	mrmrs	0.18298835542283087	No
1158	Sashank Gondala	0.1827479114098415	No
1159	BindoBishorgho	0.18243752258390228	No
1160	八木浩樹	0.18226056967257956	No
1161	InomMirzaev	0.18160931619871146	No
1162	CardboardBox	0.1812526518270971	No
1163	Joshua Rose	0.180093798499553	No
1164	sakares saengkaew	0.1799903046204745	No
1165	lbjlc	0.17960562269970753	No
1166	jasonjang	0.17908724325283804	No
1167	Juggy	0.17820827111491658	No
1168	xccds	0.17816549275503324	No
1169	BellumShaw	0.17812377630046028	No
1170	Shalini Gangwar	0.1774696089316801	No
1171	danaugrs	0.17746631257513315	No
1172	YegangWu	0.177434107506388	No
1173	MingFeiLiang	0.17726370006523054	No
1174	S Guan	0.17697852321502627	No
1175	olj23	0.17628526972551567	No
1176	Liam-fei	0.1761721534338047	No
1177	Ajit Barik	0.17595583885388189	No
1178	phils 2	0.17584487226105686	No
1179	程小真	0.17571150164424904	No
1180	BazylReinstein	0.17555421762002912	No
1181	eggeggsuperman	0.17530298028787292	No
1182	BrydonParker	0.1752843004049565	No
1183	Srinivas vaddi	0.17458484382934028	No
1184	hikaruian	0.17457233084092547	No
1185	hira	0.17409100965810562	No
1186	YongJip Kim	0.17339395008261335	No
1187	yuerlong	0.17300116614809724	No
1188	Vinay K	0.17274052962991968	No
1189	Narendra Prasad Karumanchi	0.17248153285124984	No
1190	zxhy	0.17212227980302564	No
1191	Stan 3	0.17207270696926213	No
1192	LeaProvenzano	0.1714710781734214	No
1193	Kyungsu Kim	0.17142162865213237	No
1194	Misaka Mikoto	0.17104519681318825	No
1195	Anlytix	0.17080977258618618	No
1196	y_meguro	0.17031536067854083	No
1197	Mathemilda	0.16959964609955233	No
1198	Sanoop	0.16933365755293353	No
1199	KuanyuChen	0.16809839055130796	No
1200	hecongqing	0.16757165873317786	No
1201	newbieProgrammer	0.16752304497148762	No
1202	tza_areh	0.16748937579207449	No
1203	ThomasMartin	0.16642501441520985	No
1204	FishXY	0.16613880529587824	No
1205	zheng	0.16543618356655515	No
1206	dpalma	0.16509950715416052	No
1207	Marina	0.1649357558391279	No
1208	ikseon	0.16438865577728623	No
1209	Planckton	0.16330194259313435	No
1210	ZhiyangChou	0.1632046629224172	No
1211	Kyle Zengo	0.16316676928308174	No
1212	Andy 3	0.16311547566777004	No
1213	vsaptaram	0.16273202359267933	No
1214	HuWenqiang	0.1625804919204093	No
1215	zzzhu	0.16198362673810227	No
1216	Amitesh Roneel Singh	0.16146630164863304	No
1217	pmil	0.16133012403504204	No
1218	ShubhamSagar	0.16122671343672962	Yes
1219	yifan_xu	0.16085580923852436	No
1220	Volak	0.1606718964802642	No
1221	Lucas V. Oliveira	0.16065319672862172	No
1222	sampath	0.16042243558269548	No
1223	ManuelOdendahl	0.1603531682978621	No
1224	yanwii	0.15997269815106296	No
1225	JiaDe	0.15989608358087098	No
1226	Thatchaphon Kaeosuriya	0.1598912496218703	No
1227	Yukai Jiang	0.15944057276998136	No
1228	Tortik	0.15914099992332276	No
1229	Edans Sandes	0.15911735008810643	No
1230	One	0.15906268100118626	No
1231	uhfband	0.1589936247723133	No
1232	AndreaBattistello	0.15696058129715923	No
1233	Webhunter	0.15662488833334864	No
1234	Dominic DeBiaso	0.1566037815941017	No
1235	art_for_vad	0.156309258171488	No
1236	Chao Xu	0.15621223726205188	No
1237	Utkarsh Jain	0.15603902845684853	No
1238	ryanmhood	0.1560055503853165	No
1239	georgeinparis	0.15596177685689974	No
1240	thommash	0.15526853305956415	No
1241	scripta	0.15521438398510184	No
1242	haha127	0.15408833739408975	No
1243	ДмитрийПлотников	0.15403796962917282	No
1244	ChiragGirdhar	0.1536157477576605	No
1245	Su Walt	0.15348319430735732	No
1246	YujieZhou	0.15329393222572085	No
1247	Jennifer 2	0.15296980833829507	No
1248	jwpker	0.15270374853913765	No
1249	ParthSharma	0.152499527057352	No
1250	ben xu	0.15221666284540547	No
1251	ReiiNakano	0.15167565236728803	No
1252	Simon 8	0.1514353050780052	No
1253	mathdoc19	0.15126170079777007	No
1254	Daniel Andrews	0.1506408999096363	No
1255	Nobuyuki Kawagashira	0.15024789383099765	No
1256	MohanChakradhar	0.14984649474126743	No
1257	Gaurav Singh 2	0.14982514975276623	No
1258	NorthForest	0.14980097494107708	No
1259	Andrew H. Nguyen	0.14956286549292866	No
1260	FlaviuToader	0.14938113859218935	No
1261	AdAu	0.14932799688411297	No
1262	Anup Kumar	0.14930050892700605	No
1263	LustigerGuanaco	0.14909142163240524	No
1264	MarkLin	0.14905208957289856	No
1265	Paul D	0.14896023072252582	No
1266	rowe	0.14873069554108903	No
1267	JesseRoss	0.14843907566803238	No
1268	Karanvir_arvind	0.14825768440452963	Yes
1269	zpengseu	0.14825359423827683	No
1270	PranavKumar	0.1481758564604887	No
1271	Currie32	0.14791070344349033	No
1272	z80nate	0.14750282108743767	No
1273	Niccolò Marastoni	0.14733776161483939	No
1274	larry1994	0.14694534681184246	No
1275	Beginner	0.14647878728738273	No
1276	Sven Hofstede	0.14635510530611914	No
1277	Somshubra Majumdar	0.14625069211410416	No
1278	RachitJain	0.14555489928760998	No
1279	JiayiPeng	0.14552576834648395	No
1280	SurajPai	0.14534714210032879	No
1281	sslKaggle	0.14522973657356536	No
1282	Gennadiy Tupitsin	0.14522074767976406	No
1283	marcovaldo	0.14473994236280635	No
1284	MathiasFelixGruber	0.1446041569044942	No
1285	ArunKrishna	0.14430241131060803	No
1286	gr8R	0.14364221214874587	No
1287	Ismael Tesisteco Felix	0.14308411687281997	No
1288	Sonali Chawla	0.1430070370491508	No
1289	arthur lauga	0.14272528069490026	No
1290	RobertW	0.14271882402539557	No
1291	pengchengluo	0.14256737502981198	No
1292	Ngiong	0.14249969451297945	No
1293	SayaliShirode	0.14243158957149982	No
1294	Tracholar Zuo	0.1422928534018594	No
1295	ofpsxx	0.14200819553784094	No
1296	waskita adijarto	0.14198585925050966	No
1297	Priyatham Kattakinda	0.14187592158903634	No
1298	izktmys	0.141829117510854	No
1299	MinghaoWu	0.14182080133046363	No
1300	ZhouBin	0.14152724444145823	No
1301	Han-Zhou Wu	0.14127688773313618	No
1302	BalajiAnandan	0.1412000116049877	No
1303	TymRail	0.14103264560691514	No
1304	insist	0.13998367919767335	No
1305	Matteo	0.1399613561153522	No
1306	mooncake	0.13969153930437428	No
1307	Duke Le	0.13968991190801094	No
1308	darxan	0.13957432349450655	No
1309	LeLinhNguyen	0.1390160147682382	No
1310	IssaTingzon	0.13801376357658252	No
1311	John 3	0.13780791916037816	No
1312	ShawnPahulu	0.13770891799455284	No
1313	Karthik Arumugham	0.13767672825049876	No
1314	LindseyAnderson	0.13758650947754436	No
1315	JaYelinek	0.13722207392908162	No
1316	yangkang	0.1370270594995221	No
1317	MridulGarg	0.13702077370110155	No
1318	Shubham Bhargav	0.136880539124145	No
1319	ElliotMauai	0.13677872736787183	No
1320	Akshay 2	0.13650985700629856	No
1321	AbdurRahman	0.13638866462669536	No
1322	ChinHongKennethLee	0.13598432219950293	No
1323	The Unchallenged	0.13585880291289315	Yes
1324	DBrain5	0.13576787181515726	No
1325	Pradeep Kondamuri	0.13569535367513175	No
1326	RikuArakawa	0.13524257033119327	No
1327	MatteoFelici	0.13478829579728127	No
1328	Alexandr Igumnov	0.13433250840568753	No
1329	Petepariyakorn	0.13387049021691927	No
1330	ADmitri	0.13353921838018512	No
1331	ACB	0.1333693706177844	No
1332	Thanh Cong Nguyen	0.13326399684377405	No
1333	aryeh gielchinsky	0.13298737218304973	No
1334	zaq1xsw2tktk	0.13288771792870152	No
1335	sqzhang	0.1327565270188221	No
1336	fengyunflya	0.1327308164019876	No
1337	ZoyaBarabanova	0.13167746711276515	No
1338	chenjh	0.13144461792002776	No
1339	Jiteshshah	0.13138897809635847	No
1340	Fredeivy	0.13108145216962752	No
1341	Alex Mitrevski	0.13041615283900568	No
1342	yijie	0.12966912721152016	No
1343	DisplayName	0.12966880737557848	No
1344	NavjotKaur	0.12932463637527744	No
1345	pepper88	0.12927264126039878	No
1346	douuubt	0.12896836550683508	No
1347	LSAITOP	0.12894531948875254	No
1348	Peter Ciang	0.12884270483264307	No
1349	Venkata Sri Harsha P	0.12872109087770509	No
1350	超级大鸭梨	0.12861799771710627	No
1351	pk2data	0.12781138360098362	No
1352	Kaiser	0.12724759302628152	No
1353	DeepaliGarg	0.12691671039848168	No
1354	Kris Kissel	0.12688365810081442	No
1355	jimmyjin	0.12682680933349633	No
1356	ArindrimaDatta	0.12660014730655827	No
1357	ross_geller	0.1265446511455469	No
1358	white_walkers_hq	0.12639479172388937	No
1359	TheoPratama	0.12606693560243284	No
1360	BibhashChandraMItra	0.1251510175663368	No
1361	JiangQinHong	0.1250480972860516	No
1362	JiaYuhua	0.1247501682236638	No
1363	SANGGIHONG	0.12464264364718744	No
1364	SanchitGupta	0.12442538399360498	No
1365	zhenbin	0.12399090045903188	No
1366	hylosy	0.12284387373552949	No
1367	Filips Ivanovs	0.12176117939731862	No
1368	Shamtactics	0.12174091124501793	No
1369	HarshmeetB	0.12068696330991413	No
1370	Johney	0.12005112513206947	No
1371	Bayes_Boys	0.11978911174773571	No
1372	Vivek	0.11965834119755338	No
1373	Craig Weidert	0.1194177337332096	No
1374	MarianAndrecki	0.11887581129916555	No
1375	tuckerdarby	0.11832278684525935	No
1376	Chung Ning	0.1174671888598656	No
1377	GuodongShen	0.11737759618477708	No
1378	Peter 6	0.11724181072646492	No
1379	Karl4Ebanuy	0.1171736662139969	No
1380	RahulChawla	0.11710602526815278	No
1381	Shichao Ji	0.11673280423280424	No
1382	Scott1783	0.11668726689218492	No
1383	Kaegan	0.11611496388541767	No
1384	musketeer191	0.11595204323006882	No
1385	JungHwan Park	0.11577093617992318	No
1386	Gavin 2	0.11557160204701189	No
1387	luyawen	0.11536476343573603	No
1388	aokiblue	0.11530922022725301	No
1389	Abhinav Bais	0.11517444196413457	No
1390	qwer	0.11509043376062471	No
1391	Patrick 3	0.11487295812797504	No
1392	tmacdon4	0.11429602859225581	No
1393	liangr	0.11426718144021374	No
1394	Veera Perumal	0.11413015503242913	No
1395	SylviaSmith	0.11401984234566072	No
1396	KrzysztofBiałkowski	0.11330330365217864	No
1397	Gary Hess	0.11310087969065474	No
1398	Veena K	0.11282930877403043	No
1399	Centre for Atmospheric Science, University of Cambridge	0.11155477595711749	No
1400	osuarez	0.11116137550182968	No
1401	KlausReiter	0.11109458625345724	No
1402	Dangertrip	0.11088285668868168	No
1403	Sourabh Swain	0.11072185033701157	No
1404	Muyoo	0.11068494573610141	No
1405	Alexander Anokhin	0.11052095598272388	No
1406	MustafaAbbas	0.11050279359499099	No
1407	eliott.brion	0.1104375529220323	No
1408	SaikatDutta	0.1095290220274408	No
1409	PraveenKrishnan	0.10927144503734293	No
1410	wangyujie	0.10901422499783156	No
1411	VarunRathi	0.1088513074008225	No
1412	Arnab	0.10859685946003547	No
1413	MadsToftrup	0.10747833752655987	No
1414	JakeLee	0.10692297093811748	No
1415	Konstantin Gavrilchik	0.10684903287362305	No
1416	Sheydaev (521 MSU 2016)	0.10655804017203256	No
1417	Kaido	0.10599683407060456	No
1418	RadikValiev	0.10585619732999581	No
1419	Hongjun Wang	0.10524177764410311	No
1420	SgEshwar	0.1048576559614204	No
1421	aaronbyun	0.10480828031212036	No
1422	Homin	0.10477491543065312	No
1423	Garnet	0.10441156156603473	No
1424	Amirpasha	0.10440803652547406	No
1425	biosopher	0.10348493501521372	No
1426	sankethmopuru	0.10317516289309947	No
1427	CyrilSebastian	0.10299089118215118	No
1428	liuwendan158	0.10290606056084466	No
1429	Akshita	0.10272030939466253	No
1430	wanglaiqi	0.10264284135330096	No
1431	Naga Surya Krishna Kanth	0.10237376995012612	No
1432	Илья Белкин	0.1023041748097699	No
1433	Ping-Huan Kuo	0.10228204552215973	No
1434	Vape Naysh	0.10224014479652424	No
1435	AvishekJaiswal	0.10218066766156982	No
1436	ilopezfr	0.1018430323034615	No
1437	Khushmeet Singh	0.10180089339925405	No
1438	LamIvan	0.10171565372727576	No
1439	mikr	0.10135701387478491	No
1440	RainYang	0.10132120914945908	No
1441	Floriand	0.10104611662267624	No
1442	dk	0.10055403764420157	No
1443	TJUxzx	0.09973922029094491	No
1444	Mikel	0.09936077492522469	No
1445	squalor	0.09929770719327975	No
1446	Prem Kumar	0.09894446739627802	No
1447	MikaelWinkler	0.09821745254942796	No
1448	Carlos Augusto	0.09799635701275045	No
1449	TaiBridge	0.09746503195494766	No
1450	Rayan Ral	0.0973213638047351	No
1451	Gregory LEGOFF	0.09711452640383447	No
1452	Ignatius Chiang	0.09710205604851595	No
1453	Louie Tsai	0.09645795306351593	No
1454	VictorMiguelChuraQuispe	0.096163545309234	No
1455	AshuthoshGowda	0.09599093469030293	No
1456	jalFaizy	0.09551582474125962	No
1457	Total_Demolition	0.09472141957289074	Yes
1458	Pavel Shevchuk	0.09458539335588516	No
1459	djscott1909	0.0944182394103156	No
1460	Rui Fan	0.09438731623457583	No
1461	Ivan Kornev	0.0943229781122702	No
1462	Sahil Dureja	0.0939939390491085	No
1463	zgo2016	0.09392701440452185	No
1464	Sarthak khandekar	0.0926989125038352	No
1465	PrawitChaivong	0.0925355471224951	No
1466	BrunoDeNadaiSarnaglia	0.09182704699151908	No
1467	Prasad Godbole.	0.09172044987630526	No
1468	wagnerra	0.09128262927260052	No
1469	zuku	0.09112841800991191	No
1470	kung fu panda	0.09085562049602657	No
1471	Andrey Tatarinov	0.08988625221350942	No
1472	cflames	0.08911206942828961	No
1473	Team_Firoz	0.08890464282491808	No
1474	MilanBala	0.08844889399214541	No
1475	Sean Barnett	0.0880992126872654	No
1476	Panks	0.08757599489514813	No
1477	Vera Sosnovik	0.08757142903449089	No
1478	Ch3mFl0	0.08739332779626291	No
1479	Nick Malotin	0.08730689703845002	No
1480	pickou	0.08689954066351357	No
1481	mattlewissf	0.0868470645649699	No
1482	Abhishek Sharma 2	0.08645987844574524	No
1483	Alexey Kosterin	0.0863842399316059	No
1484	Viktor 2	0.08634406701352061	No
1485	Jules Wombat	0.0863270775527319	No
1486	Learners	0.08545404930492487	No
1487	UjjwalPeshin	0.08533853333563422	No
1488	victor 4	0.08516675340445831	No
1489	mimilucky123	0.08498735684661027	No
1490	ML Learners	0.08465964413655597	Yes
1491	ljk0596	0.08423543327679751	No
1492	Adimas Bagus	0.08363257871454592	No
1493	RedHack	0.08351917265176029	No
1494	Georgy 2	0.0835013878046665	No
1495	Liuzhou Zhuo	0.08343426399643292	No
1496	chilung 2	0.08300598192892271	No
1497	dzkang2011	0.08289439508601552	No
1498	Juris Krikis	0.08230706075533661	No
1499	Midas King	0.0821623731459797	No
1500	KevinChiao	0.08215799017921546	No
1501	Thinkle	0.08201681358724844	No
1502	sspaenig	0.08195522207234196	No
1503	h4pZ	0.08177344799002101	No
1504	Mike D	0.08123418491464285	No
1505	cvliaw	0.08080330018772917	No
1506	VijayaBhaskar	0.08060631608765198	No
1507	YeqingLin	0.08045977011494253	No
1508	dragon 2	0.08043188241995208	No
1509	PumjaiChatmaitri	0.08034087952120739	No
1510	Sonam Gupta	0.08001561280249804	No
1511	loveqingbao	0.07983974771670253	No
1512	chetan chauhan	0.0795703338806787	No
1513	_LT_zyc	0.07942935968113399	No
1514	roundcube	0.07942037470725996	No
1515	Antoine 2	0.07936507936507936	No
1516	Emily	0.07931445821838336	No
1517	VvPz	0.07911198956559082	No
1518	Aldaron	0.07897475930262816	No
1519	Octavi Font	0.07856898646458893	No
1520	MatthieuNorconque	0.07824223429871884	No
1521	PushkarLaulkar	0.07733541504033307	No
1522	cielan	0.07721376118498194	No
1523	JuusoValli	0.07698687534208297	No
1524	Edwardyoung	0.07689305230288837	No
1525	Wout Aarts	0.07671038366863	No
1526	Adam Volný	0.07617746552172781	No
1527	Maxwell 2	0.07585219880301848	No
1528	Munkh-Od Altansukh	0.07413036407284462	No
1529	VaibhavChauhan	0.07374726071344115	No
1530	YiQi	0.07363316728363103	No
1531	Annihilator	0.07361795292829776	No
1532	DudleyDrummond-Hay	0.0735495347564313	No
1533	Daniel Kirsch	0.07333595890447575	No
1534	Tran Son Hai	0.07330048557068704	No
1535	wolala	0.07320247593546343	No
1536	Vivek Shaw	0.07311089125512626	No
1537	Xiangyu	0.0731093388426502	No
1538	ShrinivaassNakkaa	0.07304603123455962	No
1539	Peter Krejzl	0.0729247983346344	No
1540	DosapatiKarthik	0.0723458182606884	No
1541	Captain Duke	0.07220921155347385	No
1542	Ernest	0.07203540142155818	No
1543	lucasn	0.07178796266600529	No
1544	disnop	0.07169262021797354	No
1545	RohitGambo	0.07168884780322464	No
1546	glbwyx	0.07142857142857142	No
1547	Erman Sefer	0.07142104930134925	No
1548	hattori	0.07066653587433808	No
1549	chayi	0.07064793130366902	No
1550	OuailBendidi	0.07061984684239911	No
1551	fishface	0.07033476563485205	No
1552	seven deadly sins	0.07019255789747593	No
1553	Jefra28	0.07009525848500811	No
1554	Valyaev Ilya	0.06968310512411405	No
1555	FLowertree	0.0696136590441633	No
1556	Ish Yadav	0.0696058041572999	No
1557	enian82	0.06957067012761713	No
1558	TaeHaYu	0.06939890710382514	No
1559	Chris Daly	0.06934709991578972	No
1560	Sebastian Eberle	0.06888869995574516	No
1561	Youssef Erahim	0.06883372308547918	No
1562	DongwoogJeong	0.06875531852018803	No
1563	DancsiPercival	0.068688480205733	No
1564	yzheng68	0.06859614477703861	No
1565	david chang	0.06848659003831419	No
1566	Sourav 2	0.06846283136250442	No
1567	Manish Barnwal	0.06805651115508281	No
1568	BenDuffy	0.06802194466128893	No
1569	Dina Ermilova	0.06789656209445921	No
1570	Tural	0.06785714285714285	No
1571	zhangzhezju	0.06765547749154306	No
1572	Siddharth Seth	0.06734295972286956	No
1573	HuzaifaFaruqui	0.06724869309706366	No
1574	Kurt Bembridge	0.06720932136529889	No
1575	Malav	0.06711406966634326	No
1576	DariaYakovleva	0.06710215692609031	No
1577	DriesCronje	0.06700494405412438	No
1578	dronqo	0.06678554220383615	No
1579	joeymeyer	0.06630775175772144	No
1580	Yasu 2	0.06628935727296383	No
1581	arunsadhasivam	0.06599588458120507	No
1582	Zeus	0.06557050294938409	No
1583	chenwanqq	0.0653135571168358	No
1584	Sivially	0.06524850377309394	No
1585	Philip Brooks	0.06519138336020215	No
1586	Alexandra Teste	0.06503174054707597	No
1587	Anderson 3	0.06486153055807334	No
1588	ShahilAhamed	0.06462651552727071	No
1589	heloowird	0.06440458616970611	No
1590	sourish	0.06431308155446086	No
1591	AnveshMuttavarapu	0.06416601533022712	No
1592	vitaminsd	0.06415600183893885	No
1593	Mohana Sai	0.06368082026420326	No
1594	lanceselee	0.06351888886470733	No
1595	zeng-xmu	0.06349206349206349	No
1596	Oleg Dobkin	0.0633552271483306	No
1597	DavidBaerg	0.06313155337098456	No
1598	Jorge Del Val Santos	0.0630815544608648	No
1599	wty0617	0.062331491101606476	No
1600	PVsquare	0.06230995396904079	No
1601	RobertLee	0.06198716280683494	No
1602	Innokenty Tretyakov	0.06198145890191216	No
1603	AzamatbekAkhmedov	0.0617816091954023	No
1604	d130143597	0.06139482137303614	No
1605	hsbedi	0.061280249804839974	No
1606	SioneTukuafu	0.06126565207653592	No
1607	RRKC	0.06120026730078254	No
1608	Vaishnavi	0.061032936297759424	No
1609	chensniper	0.06087294552913628	No
1610	gogobrother	0.0608714979616619	No
1611	Stranger	0.06079451817156735	No
1612	Beltegeuse	0.060207991242474	No
1613	zlb872551601	0.05971896955503513	No
1614	bin0204	0.059549662901788175	No
1615	ganfoubudalian	0.05931855500821018	No
1616	Vladislav Tretyak	0.05926359614884205	No
1617	Ivan Medyansky	0.05921613225011607	No
1618	icinnamon	0.058970856102003644	No
1619	Reuben Pometsey	0.05878200985685697	No
1620	wg1222	0.05841289500673477	No
1621	JihyunPark	0.05789413252234957	No
1622	maejor	0.05779013791308873	No
1623	Adel	0.05724694249284413	No
1624	Henry Dong	0.057181889149102265	No
1625	lingrey	0.05706913001994969	No
1626	Wang Yulong	0.056877271640741446	No
1627	xinyi	0.056791569086651054	No
1628	SzilárdEcsenyi	0.05658562892993739	No
1629	Yongyuan Deng	0.056294852260705526	No
1630	GiWookLee	0.056281984560673085	No
1631	Corwin	0.05581576893052303	No
1632	naswang	0.05564473803996435	No
1633	taxus13	0.055373279521858706	No
1634	trgosselin14	0.055308967623466876	No
1635	lisi	0.05529534218058808	No
1636	bin liu	0.054970073458665974	No
1637	CarolineWang	0.05493979200875753	No
1638	AleksandrDruzhinin	0.054906847309736995	No
1639	SvetlanaBesaeva	0.05471968537013746	No
1640	roopkishorsingh	0.05470986208691126	No
1641	brook	0.05457887435348983	No
1642	kuosamo	0.054576502732240434	No
1643	CongDao	0.054432149904087464	No
1644	NarukiMiyachi	0.0544067648446792	No
1645	YiGuo	0.054180310184181735	No
1646	shenshanmiaoke	0.05390367429366119	No
1647	JoshuaSchwannecke	0.05370288325649908	No
1648	DataScienceGurus	0.05363539769277474	No
1649	d_nishiyama85	0.05343717894770265	No
1650	Dan H	0.0532136351808483	No
1651	SanhaLee	0.05293123140434991	No
1652	CaiziLee	0.0526792176855543	No
1653	RakeshRamakrishnan	0.052489137946481766	No
1654	Nann	0.051798474247112494	No
1655	Ndolè	0.051545033577514776	No
1656	AnthonyOrlando	0.05152725191059716	No
1657	missingdays	0.051327088212334115	No
1658	Loup-SinhRouan	0.051313628899835796	No
1659	MartinLumiste	0.051262034868592245	No
1660	Bartold	0.05119472542183743	No
1661	xianmu	0.05096821059935814	No
1662	FengyaoZHOU	0.05083470169677066	No
1663	CarltonChen	0.05000615225260289	No
1664	AnthonyChiu	0.0496557408344613	No
1665	GPurvis	0.0495596365304868	No
1666	Luhui Gan	0.0492890742881147	No
1667	Christopher Whidden	0.0489480305079781	No
1668	Teck Kian	0.04880410269754532	No
1669	MasahiroSenda	0.04865030500551573	No
1670	EricXXX	0.048558444270310544	No
1671	tjullrich	0.04835510386391793	No
1672	Fdemir	0.04820173592997165	No
1673	StarPurple	0.04763657224634196	No
1674	Mengjiao	0.04755599713822667	No
1675	Michael Hooreman	0.04736100268887154	No
1676	Lion Alio	0.04711307893289317	No
1677	adam 3	0.04709316295794071	No
1678	llizzhi	0.0470335675253708	No
1679	Doron Bar	0.046838407494145196	No
1680	NiteshVijay	0.04677546317498371	No
1681	Zhongyu K	0.046383034087952114	No
1682	Tereshkin Oleg	0.04631147540983607	No
1683	straw_man	0.04601180133265546	No
1684	ShinjiK	0.045844772150216775	No
1685	YuZhou	0.04537560456094097	No
1686	Jean	0.04534218058808223	No
1687	gongyan	0.04494143454101698	No
1688	Ramakrishnan R	0.04483463972656797	No
1689	prestond24	0.04478055017086999	No
1690	lx10077	0.044301327088212335	No
1691	Zephyrus	0.043886069910660075	No
1692	Antonio 2	0.04375850939652845	No
1693	fedbryant	0.04372292579495741	No
1694	kmok23	0.04349249718102177	No
1695	Виталий Мирошниченко (ШАД Киев)	0.04345563361956805	No
1696	Ramkumar 2	0.04293948606872568	No
1697	Supriya Suresh	0.04280757332034419	No
1698	SrinivasaMurthyDamarla	0.04278113899872797	No
1699	Thomas Doyle	0.042624521072796934	No
1700	Shuo Feng	0.04234232167853295	No
1701	John.Ken	0.04215862681362804	No
1702	Newbirt	0.0420010350043117	No
1703	mengmengw	0.04171979356405586	No
1704	YiXie	0.04113879032689838	No
1705	huigao	0.04111371324486079	No
1706	bianXiaoTuan	0.04104772498717163	No
1707	Abhey Singh	0.0410269572236851	No
1708	Bahman	0.040820205722726044	No
1709	sirinthra.cc	0.04022692772815868	No
1710	kapinnow	0.04021860336491439	No
1711	Oui.P	0.0398253064943059	No
1712	ThePedestrian	0.03963903566791153	No
1713	EdvinListoZec	0.03955785410703443	No
1714	32Blum	0.039282559610619695	No
1715	herrerik	0.03902206402660037	No
1716	Marcus Nunes	0.03890081533524156	No
1717	LengrabGrabowskii	0.03862952033411581	No
1718	SudhirN	0.03862896435071756	No
1719	Guoliang Wang	0.03842690782421317	No
1720	Philippe Rufin	0.038121259432734846	No
1721	Thomas Novitsky	0.03772009714632665	No
1722	starfish	0.037637270527955034	No
1723	Pulikodan	0.03762754856600186	No
1724	Canniclac	0.03747363383789108	No
1725	Mahdi Mohammadi	0.0373499683825083	No
1726	Kai Xu	0.037226594840353656	No
1727	sharath	0.03699800503079191	No
1728	zcs_seu	0.03669008587041374	No
1729	Lari	0.03644547378215114	No
1730	Husain Zafar	0.03613410724603183	No
1731	Dilan Nuwantha	0.036100798894881804	No
1732	Arjun Joshua	0.03586135887632823	No
1733	MaximeFuccellaro	0.03574775712238687	No
1734	flyingpenguin	0.03565106861378225	No
1735	N-W-W	0.035561265440110554	No
1736	Balise	0.03551912568306011	No
1737	cmwp	0.03519385896435077	No
1738	AnubhavAgarwal	0.03480355426741291	No
1739	ann_hp	0.0345511767925561	No
1740	lazy	0.03441321883944835	No
1741	sysubeing	0.033866995073891626	No
1742	LinkanRay	0.033198368211398835	No
1743	soundquiet	0.03311215196461098	No
1744	UTD learners	0.032851938589643505	No
1745	dshlhaaa	0.03239656518345043	No
1746	J2Letters	0.031811085089773615	No
1747	articulate	0.03175193111352401	No
1748	Kelisssss	0.03150091864909006	No
1749	Ganesh Shankar	0.031226451870111447	No
1750	sunny shah	0.030954880953487147	No
1751	HangpengZhao	0.030706513480721183	No
1752	TejaYagni	0.03065134099616858	No
1753	Hackaton	0.030338870810837065	No
1754	alexmoon	0.030241131060803193	No
1755	Tristen Wentling	0.030184751496226906	No
1756	João Duro	0.03017241379310345	No
1757	Tapan	0.030103995621237	No
1758	sokoun	0.03001377309490761	No
1759	Olga Talanova	0.02966432474629196	No
1760	JieYang	0.02959927140255009	No
1761	zhang 4	0.029534218058808223	No
1762	Max i	0.029417444991304272	No
1763	Paul Dany	0.029143897996357013	No
1764	SushovanChakraborty	0.02885178267777995	No
1765	ABA!	0.028715997219467798	No
1766	Henry Sloan	0.028699152898501612	No
1767	张超zc	0.028657080691369723	No
1768	Nicholas	0.02860070257611241	No
1769	SHANKARJHA(SKHK634)	0.028558417902680197	No
1770	RafaelMorseletto	0.028469511666232978	No
1771	mrlzla	0.028168097840228987	No
1772	DanielBeasley	0.02800980137045711	No
1773	rajesh16	0.027966501052346777	No
1774	Vaetas	0.027452511059068433	No
1775	Gopi 2	0.027448740529978623	No
1776	HojungYeo	0.0274189001648018	No
1777	LinGao	0.027286912670685788	No
1778	man2manno	0.026423075012403586	No
1779	funkbf	0.02594234952726257	No
1780	shyamprasadreddy	0.02566601259146472	No
1781	Mr nothing	0.025565964090554255	No
1782	K___G	0.025500910746812388	No
1783	Ocean Wu	0.025434278176416004	No
1784	stephen 2	0.024881615234446975	No
1785	VictorPeghaire	0.024785323965651834	No
1786	shlok kumar Mishra	0.024478731170879686	No
1787	Yuri Gordienko	0.024467646803712377	No
1788	Mohanakrishna Chennupati	0.024354007366529387	No
1789	Rinat Bakiev	0.02433645589383294	No
1790	Frezki	0.023946360153256702	No
1791	Desiré De Waele	0.023874577153265675	No
1792	Wai-yee	0.023751517102267517	No
1793	ShawnAnderson	0.02352634551586735	No
1794	Andrey 3	0.02312534209085933	No
1795	Balagangadhar Bathula	0.022651129837862827	No
1796	BhavyaPopli	0.02263856362217018	No
1797	Sunrisetofu	0.02260775336626255	No
1798	Shudai	0.022165945958258496	No
1799	chialin_du	0.02203314203855732	No
1800	xiaoqiang	0.021847368406616934	No
1801	Ishy Worr	0.021337496747332815	No
1802	Mark Diamond	0.021278051450465244	No
1803	ashishkarel	0.021097016878532753	No
1804	Rybin	0.020556856622430394	No
1805	SharafAnsari	0.02036169659120479	No
1806	rimmyjain	0.0201047084910032	No
1807	Aditya Chukka	0.020101483216237313	No
1808	tianws	0.020046524356869187	No
1809	ryuchihoon	0.019834891680025297	No
1810	StanescuPaul	0.01967745662038359	No
1811	Rohit Narain	0.019336260535010644	No
1812	CristianP	0.018995576372625552	No
1813	datalearningpr	0.018930523028883685	No
1814	МихаилМаксимов	0.018331459406526533	No
1815	hunterzju	0.01832949752426317	No
1816	mikesong	0.018216365356511024	No
1817	Andrés Correa Casablanca	0.018096170140897906	No
1818	lopolko	0.017914187776574445	No
1819	Ravan	0.01788966952901379	No
1820	haliou	0.017629930367225825	No
1821	junyu	0.017517375007688053	No
1822	CRDO	0.017122040072859744	No
1823	tecperson	0.0166256157635468	No
1824	YukiAbe	0.0165127216076433	No
1825	UTKARSHBAJPAI	0.016420361247947456	No
1826	VictorShen	0.01629530588287871	No
1827	PhamNgocHa	0.016138650359961836	No
1828	John Ensley	0.01576774213194825	No
1829	renze	0.015736179529282978	No
1830	HimanshuRai	0.015728528200591778	No
1831	LostPhoenix	0.015672223440065938	No
1832	HarshitPatel	0.015595438820593372	No
1833	seanDot7	0.015557915563784438	No
1834	키니스루나	0.015285367334547661	No
1835	Amul	0.015157429091855322	No
1836	matrix14	0.015042235887764769	No
1837	Satish7101	0.015027291435250322	No
1838	NaudePretorius	0.014828563739157422	No
1839	COL-GO	0.014801033652224488	No
1840	ranggaugahari	0.014731538637316596	No
1841	GentRich	0.014530094924820764	No
1842	Rubén Avalos	0.01441243216287333	No
1843	T-900	0.014369277970422034	No
1844	Beginners	0.014006628483855602	Yes
1845	DanAlexandru	0.013860792380964984	No
1846	youyue	0.0136755591484775	No
1847	weihu	0.01344869459623558	No
1848	jamesbond6	0.013212223315486715	No
1849	rahuljain	0.01272660248070084	No
1850	viper 2	0.012175258071090062	No
1851	Janis Rumnieks	0.012154374847068519	No
1852	SanjayYadav	0.01209017942983027	No
1853	YashBhat	0.012076778173206338	No
1854	IainMandale	0.011969815248503773	No
1855	Narendra Prasad K	0.011940363609733683	No
1856	Venkat	0.011904761904761904	No
1857	Greg 2	0.011767925561029008	No
1858	VijayVignesh	0.011579495186052563	No
1859	Rishabh Mallik	0.011078169374658855	Yes
1860	Integral	0.010081151696387337	No
1861	Artem	0.009711379998265244	No
1862	Grace 2	0.009692948217538381	No
1863	whitecastle	0.009659624309156671	No
1864	Alexandre Duhamel	0.009510125889436234	No
1865	chenlei	0.009317807268626941	No
1866	himanshumeena	0.009286746528018452	No
1867	AshishAgarwal	0.009107468123861566	No
1868	YichaoLi	0.009107156485879137	No
1869	Dippies	0.00877459683862183	No
1870	ArthurSong	0.007806401249024201	No
1871	justin ham	0.007547696982002847	No
1872	aladin99	0.006825179980917686	No
1873	AlfonsusRadityaArsadjaja	0.006687087119235519	No
1874	Kunwar Siddharth	0.006562798161158817	No
1875	Ilya Feshchenko	0.006162498761844536	No
1876	guillaumeD	0.006157635467980296	No
1877	shadoff2	0.0059849076242518865	No
1878	秋之灵羽	0.0056379104044535526	No
1879	Vayne-Lover	0.005468936238653249	No
1880	Fei Zhan	0.005399427530575072	No
1881	AkshayPatel	0.005113322047062569	No
1882	Siddharth 4	0.005009107468123861	No
1883	AkashPatil	0.004988507242605604	No
1884	Abolfazl	0.0043585740307051785	No
1885	EgyFirst	0.0043252290783408875	No
1886	Megan Yin	0.004211450978518132	No
1887	MontiChandra	0.004123850610471046	No
1888	Landry Ghislandry	0.004105090311986864	No
1889	Raja	0.0038665168737825797	No
1890	Henry Bourne	0.00351288056206089	No
1891	GabrieleCampanella	0.00284239597071025	No
1892	Vivek Kulkarni	0.0028167807747061877	No
1893	ckla	0.0027114414587485116	No
1894	Snorre Husby	0.0022118136872235233	No
1895	AbhishekKumar 3	0.0021048436184445503	No
1896	s.hattori	0.0018416244109008607	No
1897	hsrkrishna	0.0013228662643158659	No
1898	NiteshAgarwal	0.0011210451537826062	No
1899	malland	0.0008543672478098708	No
1900	Hao_Sun	0.0007231763379304363	No
1901	Andrew Sturges	0.00045971029577586956	No
1902	Achraf BENLEMKADDEM	0.0003935663466734759	No
1903	Black Arrow	6.613756613756614e-05	No
